temperature,pressure,h2_production
900,10,2.07995573
900,10.3061224,2.07995424
900,10.6122449,2.07995275
900,10.9183673,2.07995126
900,11.2244898,2.07994977
900,11.5306122,2.07994828
900,11.8367347,2.07994679
900,12.1428571,2.0799453
900,12.4489796,2.07994381
900,12.755102,2.07994232
900,13.0612245,2.07994084
900,13.3673469,2.07993935
900,13.6734694,2.07993786
900,13.9795918,2.07993637
900,14.2857143,2.07993489
900,14.5918367,2.0799334
900,14.8979592,2.07993191
900,15.2040816,2.07993043
900,15.5102041,2.07992894
900,15.8163265,2.07992745
900,16.122449,2.07992597
900,16.4285714,2.07992448
900,16.7346939,2.079923
900,17.0408163,2.07992151
900,17.3469388,2.07992003
900,17.6530612,2.07991854
900,17.9591837,2.07991706
900,18.2653061,2.07991558
900,18.5714286,2.07991409
900,18.877551,2.07991261
900,19.1836735,2.07991113
900,19.4897959,2.07990964
900,19.7959184,2.07990816
900,20.1020408,2.07990668
900,20.4081633,2.0799052
900,20.7142857,2.07990372
900,21.0204082,2.07990223
900,21.3265306,2.07990075
900,21.6326531,2.07989927
900,21.9387755,2.07989779
900,22.244898,2.07989631
900,22.5510204,2.07989483
900,22.8571429,2.07989335
900,23.1632653,2.07989187
900,23.4693878,2.07989039
900,23.7755102,2.07988891
900,24.0816327,2.07988744
900,24.3877551,2.07988596
900,24.6938776,2.07988448
900,25,2.079883
922.44898,10,2.07922451
922.44898,10.3061224,2.07922308
922.44898,10.6122449,2.07922166
922.44898,10.9183673,2.07922025
922.44898,11.2244898,2.07921883
922.44898,11.5306122,2.07921741
922.44898,11.8367347,2.07921599
922.44898,12.1428571,2.07921458
922.44898,12.4489796,2.07921316
922.44898,12.755102,2.07921174
922.44898,13.0612245,2.07921033
922.44898,13.3673469,2.07920891
922.44898,13.6734694,2.07920749
922.44898,13.9795918,2.07920608
922.44898,14.2857143,2.07920466
922.44898,14.5918367,2.07920325
922.44898,14.8979592,2.07920183
922.44898,15.2040816,2.07920042
922.44898,15.5102041,2.079199
922.44898,15.8163265,2.07919759
922.44898,16.122449,2.07919618
922.44898,16.4285714,2.07919476
922.44898,16.7346939,2.07919335
922.44898,17.0408163,2.07919194
922.44898,17.3469388,2.07919052
922.44898,17.6530612,2.07918911
922.44898,17.9591837,2.0791877
922.44898,18.2653061,2.07918629
922.44898,18.5714286,2.07918488
922.44898,18.877551,2.07918346
922.44898,19.1836735,2.07918205
922.44898,19.4897959,2.07918064
922.44898,19.7959184,2.07917923
922.44898,20.1020408,2.07917782
922.44898,20.4081633,2.07917641
922.44898,20.7142857,2.079175
922.44898,21.0204082,2.07917359
922.44898,21.3265306,2.07917218
922.44898,21.6326531,2.07917077
922.44898,21.9387755,2.07916936
922.44898,22.244898,2.07916796
922.44898,22.5510204,2.07916655
922.44898,22.8571429,2.07916514
922.44898,23.1632653,2.07916373
922.44898,23.4693878,2.07916232
922.44898,23.7755102,2.07916092
922.44898,24.0816327,2.07915951
922.44898,24.3877551,2.0791581
922.44898,24.6938776,2.0791567
922.44898,25,2.07915529
944.897959,10,2.07852883
944.897959,10.3061224,2.07852748
944.897959,10.6122449,2.07852613
944.897959,10.9183673,2.07852478
944.897959,11.2244898,2.07852343
944.897959,11.5306122,2.07852208
944.897959,11.8367347,2.07852073
944.897959,12.1428571,2.07851938
944.897959,12.4489796,2.07851803
944.897959,12.755102,2.07851668
944.897959,13.0612245,2.07851533
944.897959,13.3673469,2.07851398
944.897959,13.6734694,2.07851264
944.897959,13.9795918,2.07851129
944.897959,14.2857143,2.07850994
944.897959,14.5918367,2.07850859
944.897959,14.8979592,2.07850724
944.897959,15.2040816,2.0785059
944.897959,15.5102041,2.07850455
944.897959,15.8163265,2.0785032
944.897959,16.122449,2.07850186
944.897959,16.4285714,2.07850051
944.897959,16.7346939,2.07849917
944.897959,17.0408163,2.07849782
944.897959,17.3469388,2.07849648
944.897959,17.6530612,2.07849513
944.897959,17.9591837,2.07849379
944.897959,18.2653061,2.07849244
944.897959,18.5714286,2.0784911
944.897959,18.877551,2.07848975
944.897959,19.1836735,2.07848841
944.897959,19.4897959,2.07848707
944.897959,19.7959184,2.07848572
944.897959,20.1020408,2.07848438
944.897959,20.4081633,2.07848304
944.897959,20.7142857,2.0784817
944.897959,21.0204082,2.07848035
944.897959,21.3265306,2.07847901
944.897959,21.6326531,2.07847767
944.897959,21.9387755,2.07847633
944.897959,22.244898,2.07847499
944.897959,22.5510204,2.07847365
944.897959,22.8571429,2.0784723
944.897959,23.1632653,2.07847096
944.897959,23.4693878,2.07846962
944.897959,23.7755102,2.07846828
944.897959,24.0816327,2.07846694
944.897959,24.3877551,2.0784656
944.897959,24.6938776,2.07846426
944.897959,25,2.07846293
967.346939,10,2.07786692
967.346939,10.3061224,2.07786562
967.346939,10.6122449,2.07786434
967.346939,10.9183673,2.07786305
967.346939,11.2244898,2.07786176
967.346939,11.5306122,2.07786048
967.346939,11.8367347,2.07785919
967.346939,12.1428571,2.07785791
967.346939,12.4489796,2.07785662
967.346939,12.755102,2.07785533
967.346939,13.0612245,2.07785405
967.346939,13.3673469,2.07785276
967.346939,13.6734694,2.07785148
967.346939,13.9795918,2.0778502
967.346939,14.2857143,2.07784891
967.346939,14.5918367,2.07784763
967.346939,14.8979592,2.07784634
967.346939,15.2040816,2.07784506
967.346939,15.5102041,2.07784378
967.346939,15.8163265,2.07784249
967.346939,16.122449,2.07784121
967.346939,16.4285714,2.07783993
967.346939,16.7346939,2.07783865
967.346939,17.0408163,2.07783736
967.346939,17.3469388,2.07783608
967.346939,17.6530612,2.0778348
967.346939,17.9591837,2.07783352
967.346939,18.2653061,2.07783224
967.346939,18.5714286,2.07783096
967.346939,18.877551,2.07782968
967.346939,19.1836735,2.0778284
967.346939,19.4897959,2.07782712
967.346939,19.7959184,2.07782584
967.346939,20.1020408,2.07782456
967.346939,20.4081633,2.07782328
967.346939,20.7142857,2.077822
967.346939,21.0204082,2.07782072
967.346939,21.3265306,2.07781944
967.346939,21.6326531,2.07781816
967.346939,21.9387755,2.07781688
967.346939,22.244898,2.07781561
967.346939,22.5510204,2.07781433
967.346939,22.8571429,2.07781305
967.346939,23.1632653,2.07781177
967.346939,23.4693878,2.0778105
967.346939,23.7755102,2.07780922
967.346939,24.0816327,2.07780794
967.346939,24.3877551,2.07780667
967.346939,24.6938776,2.07780539
967.346939,25,2.07780411
989.795918,10,2.077237
989.795918,10.3061224,2.07723577
989.795918,10.6122449,2.07723454
989.795918,10.9183673,2.07723331
989.795918,11.2244898,2.07723209
989.795918,11.5306122,2.07723086
989.795918,11.8367347,2.07722963
989.795918,12.1428571,2.07722841
989.795918,12.4489796,2.07722718
989.795918,12.755102,2.07722596
989.795918,13.0612245,2.07722473
989.795918,13.3673469,2.0772235
989.795918,13.6734694,2.07722228
989.795918,13.9795918,2.07722106
989.795918,14.2857143,2.07721983
989.795918,14.5918367,2.07721861
989.795918,14.8979592,2.07721738
989.795918,15.2040816,2.07721616
989.795918,15.5102041,2.07721493
989.795918,15.8163265,2.07721371
989.795918,16.122449,2.07721249
989.795918,16.4285714,2.07721126
989.795918,16.7346939,2.07721004
989.795918,17.0408163,2.07720882
989.795918,17.3469388,2.0772076
989.795918,17.6530612,2.07720637
989.795918,17.9591837,2.07720515
989.795918,18.2653061,2.07720393
989.795918,18.5714286,2.07720271
989.795918,18.877551,2.07720149
989.795918,19.1836735,2.07720027
989.795918,19.4897959,2.07719905
989.795918,19.7959184,2.07719783
989.795918,20.1020408,2.07719661
989.795918,20.4081633,2.07719539
989.795918,20.7142857,2.07719417
989.795918,21.0204082,2.07719295
989.795918,21.3265306,2.07719173
989.795918,21.6326531,2.07719051
989.795918,21.9387755,2.07718929
989.795918,22.244898,2.07718807
989.795918,22.5510204,2.07718685
989.795918,22.8571429,2.07718563
989.795918,23.1632653,2.07718442
989.795918,23.4693878,2.0771832
989.795918,23.7755102,2.07718198
989.795918,24.0816327,2.07718076
989.795918,24.3877551,2.07717955
989.795918,24.6938776,2.07717833
989.795918,25,2.07717711
1012.2449,10,2.0766374
1012.2449,10.3061224,2.07663622
1012.2449,10.6122449,2.07663505
1012.2449,10.9183673,2.07663388
1012.2449,11.2244898,2.07663271
1012.2449,11.5306122,2.07663154
1012.2449,11.8367347,2.07663037
1012.2449,12.1428571,2.0766292
1012.2449,12.4489796,2.07662803
1012.2449,12.755102,2.07662686
1012.2449,13.0612245,2.07662569
1012.2449,13.3673469,2.07662452
1012.2449,13.6734694,2.07662335
1012.2449,13.9795918,2.07662218
1012.2449,14.2857143,2.07662101
1012.2449,14.5918367,2.07661985
1012.2449,14.8979592,2.07661868
1012.2449,15.2040816,2.07661751
1012.2449,15.5102041,2.07661634
1012.2449,15.8163265,2.07661517
1012.2449,16.122449,2.07661401
1012.2449,16.4285714,2.07661284
1012.2449,16.7346939,2.07661167
1012.2449,17.0408163,2.07661051
1012.2449,17.3469388,2.07660934
1012.2449,17.6530612,2.07660817
1012.2449,17.9591837,2.07660701
1012.2449,18.2653061,2.07660584
1012.2449,18.5714286,2.07660467
1012.2449,18.877551,2.07660351
1012.2449,19.1836735,2.07660234
1012.2449,19.4897959,2.07660118
1012.2449,19.7959184,2.07660001
1012.2449,20.1020408,2.07659885
1012.2449,20.4081633,2.07659769
1012.2449,20.7142857,2.07659652
1012.2449,21.0204082,2.07659536
1012.2449,21.3265306,2.07659419
1012.2449,21.6326531,2.07659303
1012.2449,21.9387755,2.07659187
1012.2449,22.244898,2.0765907
1012.2449,22.5510204,2.07658954
1012.2449,22.8571429,2.07658838
1012.2449,23.1632653,2.07658722
1012.2449,23.4693878,2.07658605
1012.2449,23.7755102,2.07658489
1012.2449,24.0816327,2.07658373
1012.2449,24.3877551,2.07658257
1012.2449,24.6938776,2.07658141
1012.2449,25,2.07658025
1034.69388,10,2.0760665
1034.69388,10.3061224,2.07606538
1034.69388,10.6122449,2.07606427
1034.69388,10.9183673,2.07606314
1034.69388,11.2244898,2.07606202
1034.69388,11.5306122,2.0760609
1034.69388,11.8367347,2.07605978
1034.69388,12.1428571,2.07605867
1034.69388,12.4489796,2.07605755
1034.69388,12.755102,2.07605643
1034.69388,13.0612245,2.07605531
1034.69388,13.3673469,2.0760542
1034.69388,13.6734694,2.07605308
1034.69388,13.9795918,2.07605196
1034.69388,14.2857143,2.07605085
1034.69388,14.5918367,2.07604973
1034.69388,14.8979592,2.07604862
1034.69388,15.2040816,2.0760475
1034.69388,15.5102041,2.07604638
1034.69388,15.8163265,2.07604527
1034.69388,16.122449,2.07604415
1034.69388,16.4285714,2.07604304
1034.69388,16.7346939,2.07604192
1034.69388,17.0408163,2.07604081
1034.69388,17.3469388,2.0760397
1034.69388,17.6530612,2.07603858
1034.69388,17.9591837,2.07603747
1034.69388,18.2653061,2.07603635
1034.69388,18.5714286,2.07603524
1034.69388,18.877551,2.07603413
1034.69388,19.1836735,2.07603301
1034.69388,19.4897959,2.0760319
1034.69388,19.7959184,2.07603079
1034.69388,20.1020408,2.07602968
1034.69388,20.4081633,2.07602856
1034.69388,20.7142857,2.07602745
1034.69388,21.0204082,2.07602634
1034.69388,21.3265306,2.07602523
1034.69388,21.6326531,2.07602412
1034.69388,21.9387755,2.07602301
1034.69388,22.244898,2.0760219
1034.69388,22.5510204,2.07602079
1034.69388,22.8571429,2.07601967
1034.69388,23.1632653,2.07601856
1034.69388,23.4693878,2.07601745
1034.69388,23.7755102,2.07601634
1034.69388,24.0816327,2.07601523
1034.69388,24.3877551,2.07601413
1034.69388,24.6938776,2.07601302
1034.69388,25,2.07601191
1057.14286,10,2.07552276
1057.14286,10.3061224,2.07552168
1057.14286,10.6122449,2.07552061
1057.14286,10.9183673,2.07551954
1057.14286,11.2244898,2.07551847
1057.14286,11.5306122,2.0755174
1057.14286,11.8367347,2.07551633
1057.14286,12.1428571,2.07551526
1057.14286,12.4489796,2.07551419
1057.14286,12.755102,2.07551313
1057.14286,13.0612245,2.07551206
1057.14286,13.3673469,2.07551099
1057.14286,13.6734694,2.07550992
1057.14286,13.9795918,2.07550886
1057.14286,14.2857143,2.07550779
1057.14286,14.5918367,2.07550672
1057.14286,14.8979592,2.07550565
1057.14286,15.2040816,2.07550459
1057.14286,15.5102041,2.07550352
1057.14286,15.8163265,2.07550246
1057.14286,16.122449,2.07550139
1057.14286,16.4285714,2.07550032
1057.14286,16.7346939,2.07549926
1057.14286,17.0408163,2.07549819
1057.14286,17.3469388,2.07549713
1057.14286,17.6530612,2.07549606
1057.14286,17.9591837,2.075495
1057.14286,18.2653061,2.07549393
1057.14286,18.5714286,2.07549287
1057.14286,18.877551,2.0754918
1057.14286,19.1836735,2.07549074
1057.14286,19.4897959,2.07548968
1057.14286,19.7959184,2.07548861
1057.14286,20.1020408,2.07548755
1057.14286,20.4081633,2.07548649
1057.14286,20.7142857,2.07548542
1057.14286,21.0204082,2.07548436
1057.14286,21.3265306,2.0754833
1057.14286,21.6326531,2.07548224
1057.14286,21.9387755,2.07548117
1057.14286,22.244898,2.07548011
1057.14286,22.5510204,2.07547905
1057.14286,22.8571429,2.07547799
1057.14286,23.1632653,2.07547693
1057.14286,23.4693878,2.07547586
1057.14286,23.7755102,2.07547481
1057.14286,24.0816327,2.07547374
1057.14286,24.3877551,2.07547268
1057.14286,24.6938776,2.07547162
1057.14286,25,2.07547056
1079.59184,10,2.07500469
1079.59184,10.3061224,2.07500366
1079.59184,10.6122449,2.07500263
1079.59184,10.9183673,2.07500161
1079.59184,11.2244898,2.07500059
1079.59184,11.5306122,2.07499957
1079.59184,11.8367347,2.07499854
1079.59184,12.1428571,2.07499752
1079.59184,12.4489796,2.0749965
1079.59184,12.755102,2.07499548
1079.59184,13.0612245,2.07499445
1079.59184,13.3673469,2.07499343
1079.59184,13.6734694,2.07499241
1079.59184,13.9795918,2.07499139
1079.59184,14.2857143,2.07499037
1079.59184,14.5918367,2.07498935
1079.59184,14.8979592,2.07498833
1079.59184,15.2040816,2.07498731
1079.59184,15.5102041,2.07498629
1079.59184,15.8163265,2.07498527
1079.59184,16.122449,2.07498425
1079.59184,16.4285714,2.07498323
1079.59184,16.7346939,2.07498221
1079.59184,17.0408163,2.07498119
1079.59184,17.3469388,2.07498017
1079.59184,17.6530612,2.07497915
1079.59184,17.9591837,2.07497813
1079.59184,18.2653061,2.07497711
1079.59184,18.5714286,2.07497609
1079.59184,18.877551,2.07497507
1079.59184,19.1836735,2.07497406
1079.59184,19.4897959,2.07497304
1079.59184,19.7959184,2.07497202
1079.59184,20.1020408,2.074971
1079.59184,20.4081633,2.07496999
1079.59184,20.7142857,2.07496897
1079.59184,21.0204082,2.07496795
1079.59184,21.3265306,2.07496693
1079.59184,21.6326531,2.07496592
1079.59184,21.9387755,2.0749649
1079.59184,22.244898,2.07496388
1079.59184,22.5510204,2.07496287
1079.59184,22.8571429,2.07496185
1079.59184,23.1632653,2.07496084
1079.59184,23.4693878,2.07495982
1079.59184,23.7755102,2.07495881
1079.59184,24.0816327,2.07495779
1079.59184,24.3877551,2.07495678
1079.59184,24.6938776,2.07495576
1079.59184,25,2.07495475
1102.04082,10,2.0745109
1102.04082,10.3061224,2.07450992
1102.04082,10.6122449,2.07450894
1102.04082,10.9183673,2.07450796
1102.04082,11.2244898,2.07450698
1102.04082,11.5306122,2.074506
1102.04082,11.8367347,2.07450502
1102.04082,12.1428571,2.07450404
1102.04082,12.4489796,2.07450306
1102.04082,12.755102,2.07450208
1102.04082,13.0612245,2.0745011
1102.04082,13.3673469,2.07450013
1102.04082,13.6734694,2.07449915
1102.04082,13.9795918,2.07449817
1102.04082,14.2857143,2.07449719
1102.04082,14.5918367,2.07449621
1102.04082,14.8979592,2.07449524
1102.04082,15.2040816,2.07449426
1102.04082,15.5102041,2.07449328
1102.04082,15.8163265,2.0744923
1102.04082,16.122449,2.07449133
1102.04082,16.4285714,2.07449035
1102.04082,16.7346939,2.07448937
1102.04082,17.0408163,2.0744884
1102.04082,17.3469388,2.07448742
1102.04082,17.6530612,2.07448645
1102.04082,17.9591837,2.07448547
1102.04082,18.2653061,2.07448449
1102.04082,18.5714286,2.07448352
1102.04082,18.877551,2.07448254
1102.04082,19.1836735,2.07448157
1102.04082,19.4897959,2.07448059
1102.04082,19.7959184,2.07447962
1102.04082,20.1020408,2.07447864
1102.04082,20.4081633,2.07447767
1102.04082,20.7142857,2.0744767
1102.04082,21.0204082,2.07447572
1102.04082,21.3265306,2.07447475
1102.04082,21.6326531,2.07447377
1102.04082,21.9387755,2.0744728
1102.04082,22.244898,2.07447183
1102.04082,22.5510204,2.07447085
1102.04082,22.8571429,2.07446988
1102.04082,23.1632653,2.07446891
1102.04082,23.4693878,2.07446794
1102.04082,23.7755102,2.07446696
1102.04082,24.0816327,2.07446599
1102.04082,24.3877551,2.07446502
1102.04082,24.6938776,2.07446405
1102.04082,25,2.07446308
1124.4898,10,2.07404008
1124.4898,10.3061224,2.07403914
1124.4898,10.6122449,2.0740382
1124.4898,10.9183673,2.07403726
1124.4898,11.2244898,2.07403632
1124.4898,11.5306122,2.07403538
1124.4898,11.8367347,2.07403444
1124.4898,12.1428571,2.0740335
1124.4898,12.4489796,2.07403256
1124.4898,12.755102,2.07403162
1124.4898,13.0612245,2.07403069
1124.4898,13.3673469,2.07402975
1124.4898,13.6734694,2.07402881
1124.4898,13.9795918,2.07402787
1124.4898,14.2857143,2.07402693
1124.4898,14.5918367,2.074026
1124.4898,14.8979592,2.07402506
1124.4898,15.2040816,2.07402412
1124.4898,15.5102041,2.07402319
1124.4898,15.8163265,2.07402225
1124.4898,16.122449,2.07402131
1124.4898,16.4285714,2.07402038
1124.4898,16.7346939,2.07401944
1124.4898,17.0408163,2.0740185
1124.4898,17.3469388,2.07401757
1124.4898,17.6530612,2.07401663
1124.4898,17.9591837,2.0740157
1124.4898,18.2653061,2.07401476
1124.4898,18.5714286,2.07401383
1124.4898,18.877551,2.07401289
1124.4898,19.1836735,2.07401196
1124.4898,19.4897959,2.07401102
1124.4898,19.7959184,2.07401009
1124.4898,20.1020408,2.07400915
1124.4898,20.4081633,2.07400822
1124.4898,20.7142857,2.07400729
1124.4898,21.0204082,2.07400635
1124.4898,21.3265306,2.07400542
1124.4898,21.6326531,2.07400449
1124.4898,21.9387755,2.07400355
1124.4898,22.244898,2.07400262
1124.4898,22.5510204,2.07400169
1124.4898,22.8571429,2.07400075
1124.4898,23.1632653,2.07399982
1124.4898,23.4693878,2.07399889
1124.4898,23.7755102,2.07399796
1124.4898,24.0816327,2.07399702
1124.4898,24.3877551,2.07399609
1124.4898,24.6938776,2.07399516
1124.4898,25,2.07399423
1146.93878,10,2.07359096
1146.93878,10.3061224,2.07359005
1146.93878,10.6122449,2.07358915
1146.93878,10.9183673,2.07358825
1146.93878,11.2244898,2.07358735
1146.93878,11.5306122,2.07358645
1146.93878,11.8367347,2.07358555
1146.93878,12.1428571,2.07358465
1146.93878,12.4489796,2.07358375
1146.93878,12.755102,2.07358285
1146.93878,13.0612245,2.07358195
1146.93878,13.3673469,2.07358105
1146.93878,13.6734694,2.07358015
1146.93878,13.9795918,2.07357925
1146.93878,14.2857143,2.07357835
1146.93878,14.5918367,2.07357745
1146.93878,14.8979592,2.07357655
1146.93878,15.2040816,2.07357565
1146.93878,15.5102041,2.07357475
1146.93878,15.8163265,2.07357385
1146.93878,16.122449,2.07357295
1146.93878,16.4285714,2.07357205
1146.93878,16.7346939,2.07357116
1146.93878,17.0408163,2.07357026
1146.93878,17.3469388,2.07356936
1146.93878,17.6530612,2.07356846
1146.93878,17.9591837,2.07356756
1146.93878,18.2653061,2.07356667
1146.93878,18.5714286,2.07356577
1146.93878,18.877551,2.07356487
1146.93878,19.1836735,2.07356397
1146.93878,19.4897959,2.07356308
1146.93878,19.7959184,2.07356218
1146.93878,20.1020408,2.07356129
1146.93878,20.4081633,2.07356039
1146.93878,20.7142857,2.07355949
1146.93878,21.0204082,2.0735586
1146.93878,21.3265306,2.0735577
1146.93878,21.6326531,2.07355681
1146.93878,21.9387755,2.07355591
1146.93878,22.244898,2.07355501
1146.93878,22.5510204,2.07355412
1146.93878,22.8571429,2.07355322
1146.93878,23.1632653,2.07355233
1146.93878,23.4693878,2.07355143
1146.93878,23.7755102,2.07355054
1146.93878,24.0816327,2.07354965
1146.93878,24.3877551,2.07354875
1146.93878,24.6938776,2.07354786
1146.93878,25,2.07354696
1169.38776,10,2.07316236
1169.38776,10.3061224,2.07316149
1169.38776,10.6122449,2.07316062
1169.38776,10.9183673,2.07315976
1169.38776,11.2244898,2.07315889
1169.38776,11.5306122,2.07315802
1169.38776,11.8367347,2.07315716
1169.38776,12.1428571,2.07315629
1169.38776,12.4489796,2.07315543
1169.38776,12.755102,2.07315456
1169.38776,13.0612245,2.0731537
1169.38776,13.3673469,2.07315284
1169.38776,13.6734694,2.07315197
1169.38776,13.9795918,2.07315111
1169.38776,14.2857143,2.07315024
1169.38776,14.5918367,2.07314938
1169.38776,14.8979592,2.07314851
1169.38776,15.2040816,2.07314765
1169.38776,15.5102041,2.07314679
1169.38776,15.8163265,2.07314592
1169.38776,16.122449,2.07314506
1169.38776,16.4285714,2.0731442
1169.38776,16.7346939,2.07314334
1169.38776,17.0408163,2.07314247
1169.38776,17.3469388,2.07314161
1169.38776,17.6530612,2.07314075
1169.38776,17.9591837,2.07313989
1169.38776,18.2653061,2.07313902
1169.38776,18.5714286,2.07313816
1169.38776,18.877551,2.0731373
1169.38776,19.1836735,2.07313644
1169.38776,19.4897959,2.07313558
1169.38776,19.7959184,2.07313472
1169.38776,20.1020408,2.07313386
1169.38776,20.4081633,2.07313299
1169.38776,20.7142857,2.07313213
1169.38776,21.0204082,2.07313127
1169.38776,21.3265306,2.07313041
1169.38776,21.6326531,2.07312955
1169.38776,21.9387755,2.07312869
1169.38776,22.244898,2.07312783
1169.38776,22.5510204,2.07312697
1169.38776,22.8571429,2.07312611
1169.38776,23.1632653,2.07312525
1169.38776,23.4693878,2.07312439
1169.38776,23.7755102,2.07312354
1169.38776,24.0816327,2.07312268
1169.38776,24.3877551,2.07312182
1169.38776,24.6938776,2.07312096
1169.38776,25,2.0731201
1191.83673,10,2.07275315
1191.83673,10.3061224,2.07275232
1191.83673,10.6122449,2.07275148
1191.83673,10.9183673,2.07275065
1191.83673,11.2244898,2.07274982
1191.83673,11.5306122,2.07274899
1191.83673,11.8367347,2.07274816
1191.83673,12.1428571,2.07274732
1191.83673,12.4489796,2.07274649
1191.83673,12.755102,2.07274566
1191.83673,13.0612245,2.07274483
1191.83673,13.3673469,2.072744
1191.83673,13.6734694,2.07274317
1191.83673,13.9795918,2.07274234
1191.83673,14.2857143,2.07274151
1191.83673,14.5918367,2.07274068
1191.83673,14.8979592,2.07273985
1191.83673,15.2040816,2.07273902
1191.83673,15.5102041,2.07273819
1191.83673,15.8163265,2.07273736
1191.83673,16.122449,2.07273653
1191.83673,16.4285714,2.0727357
1191.83673,16.7346939,2.07273487
1191.83673,17.0408163,2.07273404
1191.83673,17.3469388,2.07273321
1191.83673,17.6530612,2.07273238
1191.83673,17.9591837,2.07273155
1191.83673,18.2653061,2.07273072
1191.83673,18.5714286,2.07272989
1191.83673,18.877551,2.07272906
1191.83673,19.1836735,2.07272824
1191.83673,19.4897959,2.07272741
1191.83673,19.7959184,2.07272658
1191.83673,20.1020408,2.07272575
1191.83673,20.4081633,2.07272492
1191.83673,20.7142857,2.0727241
1191.83673,21.0204082,2.07272327
1191.83673,21.3265306,2.07272244
1191.83673,21.6326531,2.07272162
1191.83673,21.9387755,2.07272079
1191.83673,22.244898,2.07271996
1191.83673,22.5510204,2.07271914
1191.83673,22.8571429,2.07271831
1191.83673,23.1632653,2.07271748
1191.83673,23.4693878,2.07271666
1191.83673,23.7755102,2.07271583
1191.83673,24.0816327,2.072715
1191.83673,24.3877551,2.07271418
1191.83673,24.6938776,2.07271335
1191.83673,25,2.07271253
1214.28571,10,2.07236229
1214.28571,10.3061224,2.07236149
1214.28571,10.6122449,2.07236069
1214.28571,10.9183673,2.07235988
1214.28571,11.2244898,2.07235908
1214.28571,11.5306122,2.07235828
1214.28571,11.8367347,2.07235748
1214.28571,12.1428571,2.07235668
1214.28571,12.4489796,2.07235588
1214.28571,12.755102,2.07235508
1214.28571,13.0612245,2.07235428
1214.28571,13.3673469,2.07235348
1214.28571,13.6734694,2.07235268
1214.28571,13.9795918,2.07235188
1214.28571,14.2857143,2.07235108
1214.28571,14.5918367,2.07235028
1214.28571,14.8979592,2.07234949
1214.28571,15.2040816,2.07234869
1214.28571,15.5102041,2.07234789
1214.28571,15.8163265,2.07234709
1214.28571,16.122449,2.07234629
1214.28571,16.4285714,2.07234549
1214.28571,16.7346939,2.07234469
1214.28571,17.0408163,2.0723439
1214.28571,17.3469388,2.0723431
1214.28571,17.6530612,2.0723423
1214.28571,17.9591837,2.0723415
1214.28571,18.2653061,2.07234071
1214.28571,18.5714286,2.07233991
1214.28571,18.877551,2.07233911
1214.28571,19.1836735,2.07233831
1214.28571,19.4897959,2.07233752
1214.28571,19.7959184,2.07233672
1214.28571,20.1020408,2.07233592
1214.28571,20.4081633,2.07233513
1214.28571,20.7142857,2.07233433
1214.28571,21.0204082,2.07233353
1214.28571,21.3265306,2.07233274
1214.28571,21.6326531,2.07233194
1214.28571,21.9387755,2.07233115
1214.28571,22.244898,2.07233035
1214.28571,22.5510204,2.07232956
1214.28571,22.8571429,2.07232876
1214.28571,23.1632653,2.07232797
1214.28571,23.4693878,2.07232717
1214.28571,23.7755102,2.07232638
1214.28571,24.0816327,2.07232558
1214.28571,24.3877551,2.07232479
1214.28571,24.6938776,2.07232399
1214.28571,25,2.0723232
1236.73469,10,2.07198878
1236.73469,10.3061224,2.071988
1236.73469,10.6122449,2.07198723
1236.73469,10.9183673,2.07198646
1236.73469,11.2244898,2.07198569
1236.73469,11.5306122,2.07198492
1236.73469,11.8367347,2.07198415
1236.73469,12.1428571,2.07198338
1236.73469,12.4489796,2.0719826
1236.73469,12.755102,2.07198183
1236.73469,13.0612245,2.07198106
1236.73469,13.3673469,2.07198029
1236.73469,13.6734694,2.07197952
1236.73469,13.9795918,2.07197875
1236.73469,14.2857143,2.07197798
1236.73469,14.5918367,2.07197721
1236.73469,14.8979592,2.07197644
1236.73469,15.2040816,2.07197567
1236.73469,15.5102041,2.0719749
1236.73469,15.8163265,2.07197414
1236.73469,16.122449,2.07197337
1236.73469,16.4285714,2.0719726
1236.73469,16.7346939,2.07197183
1236.73469,17.0408163,2.07197106
1236.73469,17.3469388,2.07197029
1236.73469,17.6530612,2.07196952
1236.73469,17.9591837,2.07196875
1236.73469,18.2653061,2.07196799
1236.73469,18.5714286,2.07196722
1236.73469,18.877551,2.07196645
1236.73469,19.1836735,2.07196568
1236.73469,19.4897959,2.07196492
1236.73469,19.7959184,2.07196415
1236.73469,20.1020408,2.07196338
1236.73469,20.4081633,2.07196261
1236.73469,20.7142857,2.07196185
1236.73469,21.0204082,2.07196108
1236.73469,21.3265306,2.07196031
1236.73469,21.6326531,2.07195955
1236.73469,21.9387755,2.07195878
1236.73469,22.244898,2.07195801
1236.73469,22.5510204,2.07195725
1236.73469,22.8571429,2.07195648
1236.73469,23.1632653,2.07195572
1236.73469,23.4693878,2.07195495
1236.73469,23.7755102,2.07195418
1236.73469,24.0816327,2.07195342
1236.73469,24.3877551,2.07195265
1236.73469,24.6938776,2.07195189
1236.73469,25,2.07195112
1259.18367,10,2.07163167
1259.18367,10.3061224,2.07163093
1259.18367,10.6122449,2.07163018
1259.18367,10.9183673,2.07162944
1259.18367,11.2244898,2.0716287
1259.18367,11.5306122,2.07162795
1259.18367,11.8367347,2.07162721
1259.18367,12.1428571,2.07162647
1259.18367,12.4489796,2.07162572
1259.18367,12.755102,2.07162498
1259.18367,13.0612245,2.07162424
1259.18367,13.3673469,2.0716235
1259.18367,13.6734694,2.07162275
1259.18367,13.9795918,2.07162201
1259.18367,14.2857143,2.07162127
1259.18367,14.5918367,2.07162053
1259.18367,14.8979592,2.07161978
1259.18367,15.2040816,2.07161904
1259.18367,15.5102041,2.0716183
1259.18367,15.8163265,2.07161756
1259.18367,16.122449,2.07161682
1259.18367,16.4285714,2.07161608
1259.18367,16.7346939,2.07161533
1259.18367,17.0408163,2.07161459
1259.18367,17.3469388,2.07161385
1259.18367,17.6530612,2.07161311
1259.18367,17.9591837,2.07161237
1259.18367,18.2653061,2.07161163
1259.18367,18.5714286,2.07161089
1259.18367,18.877551,2.07161015
1259.18367,19.1836735,2.07160941
1259.18367,19.4897959,2.07160867
1259.18367,19.7959184,2.07160793
1259.18367,20.1020408,2.07160719
1259.18367,20.4081633,2.07160645
1259.18367,20.7142857,2.07160571
1259.18367,21.0204082,2.07160497
1259.18367,21.3265306,2.07160423
1259.18367,21.6326531,2.07160349
1259.18367,21.9387755,2.07160275
1259.18367,22.244898,2.07160202
1259.18367,22.5510204,2.07160128
1259.18367,22.8571429,2.07160054
1259.18367,23.1632653,2.0715998
1259.18367,23.4693878,2.07159906
1259.18367,23.7755102,2.07159832
1259.18367,24.0816327,2.07159758
1259.18367,24.3877551,2.07159685
1259.18367,24.6938776,2.07159611
1259.18367,25,2.07159537
1281.63265,10,2.0712901
1281.63265,10.3061224,2.07128938
1281.63265,10.6122449,2.07128866
1281.63265,10.9183673,2.07128795
1281.63265,11.2244898,2.07128723
1281.63265,11.5306122,2.07128651
1281.63265,11.8367347,2.07128579
1281.63265,12.1428571,2.07128508
1281.63265,12.4489796,2.07128436
1281.63265,12.755102,2.07128364
1281.63265,13.0612245,2.07128293
1281.63265,13.3673469,2.07128221
1281.63265,13.6734694,2.07128149
1281.63265,13.9795918,2.07128078
1281.63265,14.2857143,2.07128006
1281.63265,14.5918367,2.07127934
1281.63265,14.8979592,2.07127863
1281.63265,15.2040816,2.07127791
1281.63265,15.5102041,2.0712772
1281.63265,15.8163265,2.07127648
1281.63265,16.122449,2.07127576
1281.63265,16.4285714,2.07127505
1281.63265,16.7346939,2.07127433
1281.63265,17.0408163,2.07127362
1281.63265,17.3469388,2.0712729
1281.63265,17.6530612,2.07127219
1281.63265,17.9591837,2.07127147
1281.63265,18.2653061,2.07127076
1281.63265,18.5714286,2.07127004
1281.63265,18.877551,2.07126933
1281.63265,19.1836735,2.07126862
1281.63265,19.4897959,2.0712679
1281.63265,19.7959184,2.07126719
1281.63265,20.1020408,2.07126647
1281.63265,20.4081633,2.07126576
1281.63265,20.7142857,2.07126505
1281.63265,21.0204082,2.07126433
1281.63265,21.3265306,2.07126362
1281.63265,21.6326531,2.07126291
1281.63265,21.9387755,2.07126219
1281.63265,22.244898,2.07126148
1281.63265,22.5510204,2.07126077
1281.63265,22.8571429,2.07126005
1281.63265,23.1632653,2.07125934
1281.63265,23.4693878,2.07125863
1281.63265,23.7755102,2.07125792
1281.63265,24.0816327,2.0712572
1281.63265,24.3877551,2.07125649
1281.63265,24.6938776,2.07125578
1281.63265,25,2.07125507
1304.08163,10,2.07096323
1304.08163,10.3061224,2.07096253
1304.08163,10.6122449,2.07096184
1304.08163,10.9183673,2.07096115
1304.08163,11.2244898,2.07096045
1304.08163,11.5306122,2.07095976
1304.08163,11.8367347,2.07095907
1304.08163,12.1428571,2.07095837
1304.08163,12.4489796,2.07095768
1304.08163,12.755102,2.07095699
1304.08163,13.0612245,2.0709563
1304.08163,13.3673469,2.0709556
1304.08163,13.6734694,2.07095491
1304.08163,13.9795918,2.07095422
1304.08163,14.2857143,2.07095353
1304.08163,14.5918367,2.07095284
1304.08163,14.8979592,2.07095214
1304.08163,15.2040816,2.07095145
1304.08163,15.5102041,2.07095076
1304.08163,15.8163265,2.07095007
1304.08163,16.122449,2.07094938
1304.08163,16.4285714,2.07094869
1304.08163,16.7346939,2.070948
1304.08163,17.0408163,2.07094731
1304.08163,17.3469388,2.07094662
1304.08163,17.6530612,2.07094592
1304.08163,17.9591837,2.07094523
1304.08163,18.2653061,2.07094454
1304.08163,18.5714286,2.07094385
1304.08163,18.877551,2.07094316
1304.08163,19.1836735,2.07094247
1304.08163,19.4897959,2.07094178
1304.08163,19.7959184,2.07094109
1304.08163,20.1020408,2.0709404
1304.08163,20.4081633,2.07093972
1304.08163,20.7142857,2.07093903
1304.08163,21.0204082,2.07093834
1304.08163,21.3265306,2.07093765
1304.08163,21.6326531,2.07093696
1304.08163,21.9387755,2.07093627
1304.08163,22.244898,2.07093558
1304.08163,22.5510204,2.07093489
1304.08163,22.8571429,2.0709342
1304.08163,23.1632653,2.07093352
1304.08163,23.4693878,2.07093283
1304.08163,23.7755102,2.07093214
1304.08163,24.0816327,2.07093145
1304.08163,24.3877551,2.07093076
1304.08163,24.6938776,2.07093008
1304.08163,25,2.07092939
1326.53061,10,2.07065027
1326.53061,10.3061224,2.0706496
1326.53061,10.6122449,2.07064893
1326.53061,10.9183673,2.07064826
1326.53061,11.2244898,2.07064759
1326.53061,11.5306122,2.07064692
1326.53061,11.8367347,2.07064625
1326.53061,12.1428571,2.07064558
1326.53061,12.4489796,2.07064491
1326.53061,12.755102,2.07064424
1326.53061,13.0612245,2.07064357
1326.53061,13.3673469,2.0706429
1326.53061,13.6734694,2.07064223
1326.53061,13.9795918,2.07064156
1326.53061,14.2857143,2.07064089
1326.53061,14.5918367,2.07064022
1326.53061,14.8979592,2.07063956
1326.53061,15.2040816,2.07063889
1326.53061,15.5102041,2.07063822
1326.53061,15.8163265,2.07063755
1326.53061,16.122449,2.07063688
1326.53061,16.4285714,2.07063621
1326.53061,16.7346939,2.07063555
1326.53061,17.0408163,2.07063488
1326.53061,17.3469388,2.07063421
1326.53061,17.6530612,2.07063354
1326.53061,17.9591837,2.07063288
1326.53061,18.2653061,2.07063221
1326.53061,18.5714286,2.07063154
1326.53061,18.877551,2.07063087
1326.53061,19.1836735,2.07063021
1326.53061,19.4897959,2.07062954
1326.53061,19.7959184,2.07062887
1326.53061,20.1020408,2.07062821
1326.53061,20.4081633,2.07062754
1326.53061,20.7142857,2.07062687
1326.53061,21.0204082,2.07062621
1326.53061,21.3265306,2.07062554
1326.53061,21.6326531,2.07062488
1326.53061,21.9387755,2.07062421
1326.53061,22.244898,2.07062354
1326.53061,22.5510204,2.07062288
1326.53061,22.8571429,2.07062221
1326.53061,23.1632653,2.07062155
1326.53061,23.4693878,2.07062088
1326.53061,23.7755102,2.07062022
1326.53061,24.0816327,2.07061955
1326.53061,24.3877551,2.07061889
1326.53061,24.6938776,2.07061822
1326.53061,25,2.07061756
1348.97959,10,2.0703505
1348.97959,10.3061224,2.07034985
1348.97959,10.6122449,2.0703492
1348.97959,10.9183673,2.07034855
1348.97959,11.2244898,2.0703479
1348.97959,11.5306122,2.07034725
1348.97959,11.8367347,2.07034661
1348.97959,12.1428571,2.07034596
1348.97959,12.4489796,2.07034531
1348.97959,12.755102,2.07034466
1348.97959,13.0612245,2.07034401
1348.97959,13.3673469,2.07034337
1348.97959,13.6734694,2.07034272
1348.97959,13.9795918,2.07034207
1348.97959,14.2857143,2.07034142
1348.97959,14.5918367,2.07034078
1348.97959,14.8979592,2.07034013
1348.97959,15.2040816,2.07033948
1348.97959,15.5102041,2.07033884
1348.97959,15.8163265,2.07033819
1348.97959,16.122449,2.07033754
1348.97959,16.4285714,2.0703369
1348.97959,16.7346939,2.07033625
1348.97959,17.0408163,2.0703356
1348.97959,17.3469388,2.07033496
1348.97959,17.6530612,2.07033431
1348.97959,17.9591837,2.07033367
1348.97959,18.2653061,2.07033302
1348.97959,18.5714286,2.07033237
1348.97959,18.877551,2.07033173
1348.97959,19.1836735,2.07033108
1348.97959,19.4897959,2.07033044
1348.97959,19.7959184,2.07032979
1348.97959,20.1020408,2.07032915
1348.97959,20.4081633,2.0703285
1348.97959,20.7142857,2.07032786
1348.97959,21.0204082,2.07032721
1348.97959,21.3265306,2.07032657
1348.97959,21.6326531,2.07032592
1348.97959,21.9387755,2.07032528
1348.97959,22.244898,2.07032464
1348.97959,22.5510204,2.07032399
1348.97959,22.8571429,2.07032335
1348.97959,23.1632653,2.0703227
1348.97959,23.4693878,2.07032206
1348.97959,23.7755102,2.07032142
1348.97959,24.0816327,2.07032077
1348.97959,24.3877551,2.07032013
1348.97959,24.6938776,2.07031949
1348.97959,25,2.07031884
1371.42857,10,2.07006322
1371.42857,10.3061224,2.07006259
1371.42857,10.6122449,2.07006196
1371.42857,10.9183673,2.07006133
1371.42857,11.2244898,2.0700607
1371.42857,11.5306122,2.07006007
1371.42857,11.8367347,2.07005945
1371.42857,12.1428571,2.07005882
1371.42857,12.4489796,2.07005819
1371.42857,12.755102,2.07005756
1371.42857,13.0612245,2.07005694
1371.42857,13.3673469,2.07005631
1371.42857,13.6734694,2.07005568
1371.42857,13.9795918,2.07005506
1371.42857,14.2857143,2.07005443
1371.42857,14.5918367,2.0700538
1371.42857,14.8979592,2.07005318
1371.42857,15.2040816,2.07005255
1371.42857,15.5102041,2.07005192
1371.42857,15.8163265,2.0700513
1371.42857,16.122449,2.07005067
1371.42857,16.4285714,2.07005004
1371.42857,16.7346939,2.07004942
1371.42857,17.0408163,2.07004879
1371.42857,17.3469388,2.07004817
1371.42857,17.6530612,2.07004754
1371.42857,17.9591837,2.07004692
1371.42857,18.2653061,2.07004629
1371.42857,18.5714286,2.07004567
1371.42857,18.877551,2.07004504
1371.42857,19.1836735,2.07004441
1371.42857,19.4897959,2.07004379
1371.42857,19.7959184,2.07004317
1371.42857,20.1020408,2.07004254
1371.42857,20.4081633,2.07004192
1371.42857,20.7142857,2.07004129
1371.42857,21.0204082,2.07004067
1371.42857,21.3265306,2.07004004
1371.42857,21.6326531,2.07003942
1371.42857,21.9387755,2.07003879
1371.42857,22.244898,2.07003817
1371.42857,22.5510204,2.07003755
1371.42857,22.8571429,2.07003692
1371.42857,23.1632653,2.0700363
1371.42857,23.4693878,2.07003568
1371.42857,23.7755102,2.07003505
1371.42857,24.0816327,2.07003443
1371.42857,24.3877551,2.0700338
1371.42857,24.6938776,2.07003318
1371.42857,25,2.07003256
1393.87755,10,2.06978778
1393.87755,10.3061224,2.06978717
1393.87755,10.6122449,2.06978656
1393.87755,10.9183673,2.06978595
1393.87755,11.2244898,2.06978534
1393.87755,11.5306122,2.06978473
1393.87755,11.8367347,2.06978412
1393.87755,12.1428571,2.06978351
1393.87755,12.4489796,2.06978291
1393.87755,12.755102,2.0697823
1393.87755,13.0612245,2.06978169
1393.87755,13.3673469,2.06978108
1393.87755,13.6734694,2.06978048
1393.87755,13.9795918,2.06977987
1393.87755,14.2857143,2.06977926
1393.87755,14.5918367,2.06977865
1393.87755,14.8979592,2.06977804
1393.87755,15.2040816,2.06977744
1393.87755,15.5102041,2.06977683
1393.87755,15.8163265,2.06977622
1393.87755,16.122449,2.06977562
1393.87755,16.4285714,2.06977501
1393.87755,16.7346939,2.0697744
1393.87755,17.0408163,2.0697738
1393.87755,17.3469388,2.06977319
1393.87755,17.6530612,2.06977258
1393.87755,17.9591837,2.06977198
1393.87755,18.2653061,2.06977137
1393.87755,18.5714286,2.06977076
1393.87755,18.877551,2.06977016
1393.87755,19.1836735,2.06976955
1393.87755,19.4897959,2.06976895
1393.87755,19.7959184,2.06976834
1393.87755,20.1020408,2.06976774
1393.87755,20.4081633,2.06976713
1393.87755,20.7142857,2.06976652
1393.87755,21.0204082,2.06976592
1393.87755,21.3265306,2.06976531
1393.87755,21.6326531,2.06976471
1393.87755,21.9387755,2.0697641
1393.87755,22.244898,2.0697635
1393.87755,22.5510204,2.06976289
1393.87755,22.8571429,2.06976229
1393.87755,23.1632653,2.06976169
1393.87755,23.4693878,2.06976108
1393.87755,23.7755102,2.06976048
1393.87755,24.0816327,2.06975987
1393.87755,24.3877551,2.06975927
1393.87755,24.6938776,2.06975866
1393.87755,25,2.06975806
1416.32653,10,2.06952357
1416.32653,10.3061224,2.06952298
1416.32653,10.6122449,2.06952238
1416.32653,10.9183673,2.06952179
1416.32653,11.2244898,2.0695212
1416.32653,11.5306122,2.06952061
1416.32653,11.8367347,2.06952002
1416.32653,12.1428571,2.06951943
1416.32653,12.4489796,2.06951884
1416.32653,12.755102,2.06951825
1416.32653,13.0612245,2.06951766
1416.32653,13.3673469,2.06951707
1416.32653,13.6734694,2.06951648
1416.32653,13.9795918,2.06951589
1416.32653,14.2857143,2.06951531
1416.32653,14.5918367,2.06951472
1416.32653,14.8979592,2.06951413
1416.32653,15.2040816,2.06951354
1416.32653,15.5102041,2.06951295
1416.32653,15.8163265,2.06951236
1416.32653,16.122449,2.06951177
1416.32653,16.4285714,2.06951118
1416.32653,16.7346939,2.06951059
1416.32653,17.0408163,2.06951001
1416.32653,17.3469388,2.06950942
1416.32653,17.6530612,2.06950883
1416.32653,17.9591837,2.06950824
1416.32653,18.2653061,2.06950765
1416.32653,18.5714286,2.06950706
1416.32653,18.877551,2.06950648
1416.32653,19.1836735,2.06950589
1416.32653,19.4897959,2.0695053
1416.32653,19.7959184,2.06950471
1416.32653,20.1020408,2.06950413
1416.32653,20.4081633,2.06950354
1416.32653,20.7142857,2.06950295
1416.32653,21.0204082,2.06950236
1416.32653,21.3265306,2.06950178
1416.32653,21.6326531,2.06950119
1416.32653,21.9387755,2.0695006
1416.32653,22.244898,2.06950002
1416.32653,22.5510204,2.06949943
1416.32653,22.8571429,2.06949884
1416.32653,23.1632653,2.06949826
1416.32653,23.4693878,2.06949767
1416.32653,23.7755102,2.06949708
1416.32653,24.0816327,2.0694965
1416.32653,24.3877551,2.06949591
1416.32653,24.6938776,2.06949533
1416.32653,25,2.06949474
1438.77551,10,2.06927001
1438.77551,10.3061224,2.06926944
1438.77551,10.6122449,2.06926886
1438.77551,10.9183673,2.06926829
1438.77551,11.2244898,2.06926772
1438.77551,11.5306122,2.06926714
1438.77551,11.8367347,2.06926657
1438.77551,12.1428571,2.069266
1438.77551,12.4489796,2.06926543
1438.77551,12.755102,2.06926485
1438.77551,13.0612245,2.06926428
1438.77551,13.3673469,2.06926371
1438.77551,13.6734694,2.06926314
1438.77551,13.9795918,2.06926256
1438.77551,14.2857143,2.06926199
1438.77551,14.5918367,2.06926142
1438.77551,14.8979592,2.06926085
1438.77551,15.2040816,2.06926027
1438.77551,15.5102041,2.0692597
1438.77551,15.8163265,2.06925913
1438.77551,16.122449,2.06925856
1438.77551,16.4285714,2.06925799
1438.77551,16.7346939,2.06925742
1438.77551,17.0408163,2.06925685
1438.77551,17.3469388,2.06925627
1438.77551,17.6530612,2.0692557
1438.77551,17.9591837,2.06925513
1438.77551,18.2653061,2.06925456
1438.77551,18.5714286,2.06925399
1438.77551,18.877551,2.06925342
1438.77551,19.1836735,2.06925285
1438.77551,19.4897959,2.06925228
1438.77551,19.7959184,2.06925171
1438.77551,20.1020408,2.06925114
1438.77551,20.4081633,2.06925057
1438.77551,20.7142857,2.06925
1438.77551,21.0204082,2.06924943
1438.77551,21.3265306,2.06924886
1438.77551,21.6326531,2.06924829
1438.77551,21.9387755,2.06924772
1438.77551,22.244898,2.06924715
1438.77551,22.5510204,2.06924658
1438.77551,22.8571429,2.06924601
1438.77551,23.1632653,2.06924544
1438.77551,23.4693878,2.06924487
1438.77551,23.7755102,2.0692443
1438.77551,24.0816327,2.06924373
1438.77551,24.3877551,2.06924316
1438.77551,24.6938776,2.06924259
1438.77551,25,2.06924202
1461.22449,10,2.06902657
1461.22449,10.3061224,2.06902601
1461.22449,10.6122449,2.06902545
1461.22449,10.9183673,2.0690249
1461.22449,11.2244898,2.06902434
1461.22449,11.5306122,2.06902378
1461.22449,11.8367347,2.06902323
1461.22449,12.1428571,2.06902267
1461.22449,12.4489796,2.06902211
1461.22449,12.755102,2.06902156
1461.22449,13.0612245,2.069021
1461.22449,13.3673469,2.06902044
1461.22449,13.6734694,2.06901989
1461.22449,13.9795918,2.06901933
1461.22449,14.2857143,2.06901878
1461.22449,14.5918367,2.06901822
1461.22449,14.8979592,2.06901766
1461.22449,15.2040816,2.06901711
1461.22449,15.5102041,2.06901655
1461.22449,15.8163265,2.069016
1461.22449,16.122449,2.06901544
1461.22449,16.4285714,2.06901489
1461.22449,16.7346939,2.06901433
1461.22449,17.0408163,2.06901378
1461.22449,17.3469388,2.06901322
1461.22449,17.6530612,2.06901267
1461.22449,17.9591837,2.06901211
1461.22449,18.2653061,2.06901156
1461.22449,18.5714286,2.069011
1461.22449,18.877551,2.06901045
1461.22449,19.1836735,2.06900989
1461.22449,19.4897959,2.06900934
1461.22449,19.7959184,2.06900878
1461.22449,20.1020408,2.06900823
1461.22449,20.4081633,2.06900768
1461.22449,20.7142857,2.06900712
1461.22449,21.0204082,2.06900657
1461.22449,21.3265306,2.06900601
1461.22449,21.6326531,2.06900546
1461.22449,21.9387755,2.06900491
1461.22449,22.244898,2.06900435
1461.22449,22.5510204,2.0690038
1461.22449,22.8571429,2.06900325
1461.22449,23.1632653,2.06900269
1461.22449,23.4693878,2.06900214
1461.22449,23.7755102,2.06900159
1461.22449,24.0816327,2.06900103
1461.22449,24.3877551,2.06900048
1461.22449,24.6938776,2.06899993
1461.22449,25,2.06899937
1483.67347,10,2.06879273
1483.67347,10.3061224,2.06879219
1483.67347,10.6122449,2.06879165
1483.67347,10.9183673,2.0687911
1483.67347,11.2244898,2.06879056
1483.67347,11.5306122,2.06879002
1483.67347,11.8367347,2.06878948
1483.67347,12.1428571,2.06878894
1483.67347,12.4489796,2.0687884
1483.67347,12.755102,2.06878786
1483.67347,13.0612245,2.06878732
1483.67347,13.3673469,2.06878677
1483.67347,13.6734694,2.06878623
1483.67347,13.9795918,2.06878569
1483.67347,14.2857143,2.06878515
1483.67347,14.5918367,2.06878461
1483.67347,14.8979592,2.06878407
1483.67347,15.2040816,2.06878353
1483.67347,15.5102041,2.06878299
1483.67347,15.8163265,2.06878245
1483.67347,16.122449,2.06878191
1483.67347,16.4285714,2.06878137
1483.67347,16.7346939,2.06878083
1483.67347,17.0408163,2.06878029
1483.67347,17.3469388,2.06877975
1483.67347,17.6530612,2.06877921
1483.67347,17.9591837,2.06877867
1483.67347,18.2653061,2.06877813
1483.67347,18.5714286,2.06877759
1483.67347,18.877551,2.06877705
1483.67347,19.1836735,2.06877651
1483.67347,19.4897959,2.06877597
1483.67347,19.7959184,2.06877544
1483.67347,20.1020408,2.0687749
1483.67347,20.4081633,2.06877436
1483.67347,20.7142857,2.06877382
1483.67347,21.0204082,2.06877328
1483.67347,21.3265306,2.06877274
1483.67347,21.6326531,2.0687722
1483.67347,21.9387755,2.06877167
1483.67347,22.244898,2.06877113
1483.67347,22.5510204,2.06877059
1483.67347,22.8571429,2.06877005
1483.67347,23.1632653,2.06876951
1483.67347,23.4693878,2.06876897
1483.67347,23.7755102,2.06876844
1483.67347,24.0816327,2.0687679
1483.67347,24.3877551,2.06876736
1483.67347,24.6938776,2.06876682
1483.67347,25,2.06876629
1506.12245,10,2.06856802
1506.12245,10.3061224,2.06856749
1506.12245,10.6122449,2.06856696
1506.12245,10.9183673,2.06856643
1506.12245,11.2244898,2.06856591
1506.12245,11.5306122,2.06856538
1506.12245,11.8367347,2.06856485
1506.12245,12.1428571,2.06856432
1506.12245,12.4489796,2.0685638
1506.12245,12.755102,2.06856327
1506.12245,13.0612245,2.06856274
1506.12245,13.3673469,2.06856222
1506.12245,13.6734694,2.06856169
1506.12245,13.9795918,2.06856117
1506.12245,14.2857143,2.06856064
1506.12245,14.5918367,2.06856011
1506.12245,14.8979592,2.06855959
1506.12245,15.2040816,2.06855906
1506.12245,15.5102041,2.06855854
1506.12245,15.8163265,2.06855801
1506.12245,16.122449,2.06855748
1506.12245,16.4285714,2.06855696
1506.12245,16.7346939,2.06855643
1506.12245,17.0408163,2.06855591
1506.12245,17.3469388,2.06855538
1506.12245,17.6530612,2.06855486
1506.12245,17.9591837,2.06855433
1506.12245,18.2653061,2.06855381
1506.12245,18.5714286,2.06855328
1506.12245,18.877551,2.06855276
1506.12245,19.1836735,2.06855223
1506.12245,19.4897959,2.06855171
1506.12245,19.7959184,2.06855118
1506.12245,20.1020408,2.06855066
1506.12245,20.4081633,2.06855014
1506.12245,20.7142857,2.06854961
1506.12245,21.0204082,2.06854909
1506.12245,21.3265306,2.06854856
1506.12245,21.6326531,2.06854804
1506.12245,21.9387755,2.06854752
1506.12245,22.244898,2.06854699
1506.12245,22.5510204,2.06854647
1506.12245,22.8571429,2.06854594
1506.12245,23.1632653,2.06854542
1506.12245,23.4693878,2.0685449
1506.12245,23.7755102,2.06854437
1506.12245,24.0816327,2.06854385
1506.12245,24.3877551,2.06854333
1506.12245,24.6938776,2.0685428
1506.12245,25,2.06854228
1528.57143,10,2.06835197
1528.57143,10.3061224,2.06835146
1528.57143,10.6122449,2.06835094
1528.57143,10.9183673,2.06835043
1528.57143,11.2244898,2.06834992
1528.57143,11.5306122,2.0683494
1528.57143,11.8367347,2.06834889
1528.57143,12.1428571,2.06834838
1528.57143,12.4489796,2.06834786
1528.57143,12.755102,2.06834735
1528.57143,13.0612245,2.06834684
1528.57143,13.3673469,2.06834633
1528.57143,13.6734694,2.06834581
1528.57143,13.9795918,2.0683453
1528.57143,14.2857143,2.06834479
1528.57143,14.5918367,2.06834428
1528.57143,14.8979592,2.06834376
1528.57143,15.2040816,2.06834325
1528.57143,15.5102041,2.06834274
1528.57143,15.8163265,2.06834223
1528.57143,16.122449,2.06834172
1528.57143,16.4285714,2.0683412
1528.57143,16.7346939,2.06834069
1528.57143,17.0408163,2.06834018
1528.57143,17.3469388,2.06833967
1528.57143,17.6530612,2.06833916
1528.57143,17.9591837,2.06833865
1528.57143,18.2653061,2.06833813
1528.57143,18.5714286,2.06833762
1528.57143,18.877551,2.06833711
1528.57143,19.1836735,2.0683366
1528.57143,19.4897959,2.06833609
1528.57143,19.7959184,2.06833558
1528.57143,20.1020408,2.06833507
1528.57143,20.4081633,2.06833456
1528.57143,20.7142857,2.06833405
1528.57143,21.0204082,2.06833354
1528.57143,21.3265306,2.06833303
1528.57143,21.6326531,2.06833252
1528.57143,21.9387755,2.06833201
1528.57143,22.244898,2.0683315
1528.57143,22.5510204,2.06833099
1528.57143,22.8571429,2.06833048
1528.57143,23.1632653,2.06832997
1528.57143,23.4693878,2.06832946
1528.57143,23.7755102,2.06832895
1528.57143,24.0816327,2.06832844
1528.57143,24.3877551,2.06832793
1528.57143,24.6938776,2.06832742
1528.57143,25,2.06832691
1551.02041,10,2.06814417
1551.02041,10.3061224,2.06814367
1551.02041,10.6122449,2.06814317
1551.02041,10.9183673,2.06814267
1551.02041,11.2244898,2.06814217
1551.02041,11.5306122,2.06814167
1551.02041,11.8367347,2.06814117
1551.02041,12.1428571,2.06814067
1551.02041,12.4489796,2.06814017
1551.02041,12.755102,2.06813967
1551.02041,13.0612245,2.06813917
1551.02041,13.3673469,2.06813867
1551.02041,13.6734694,2.06813817
1551.02041,13.9795918,2.06813767
1551.02041,14.2857143,2.06813717
1551.02041,14.5918367,2.06813667
1551.02041,14.8979592,2.06813617
1551.02041,15.2040816,2.06813567
1551.02041,15.5102041,2.06813517
1551.02041,15.8163265,2.06813468
1551.02041,16.122449,2.06813418
1551.02041,16.4285714,2.06813368
1551.02041,16.7346939,2.06813318
1551.02041,17.0408163,2.06813268
1551.02041,17.3469388,2.06813218
1551.02041,17.6530612,2.06813168
1551.02041,17.9591837,2.06813119
1551.02041,18.2653061,2.06813069
1551.02041,18.5714286,2.06813019
1551.02041,18.877551,2.06812969
1551.02041,19.1836735,2.06812919
1551.02041,19.4897959,2.0681287
1551.02041,19.7959184,2.0681282
1551.02041,20.1020408,2.0681277
1551.02041,20.4081633,2.0681272
1551.02041,20.7142857,2.0681267
1551.02041,21.0204082,2.06812621
1551.02041,21.3265306,2.06812571
1551.02041,21.6326531,2.06812521
1551.02041,21.9387755,2.06812471
1551.02041,22.244898,2.06812422
1551.02041,22.5510204,2.06812372
1551.02041,22.8571429,2.06812322
1551.02041,23.1632653,2.06812273
1551.02041,23.4693878,2.06812223
1551.02041,23.7755102,2.06812173
1551.02041,24.0816327,2.06812124
1551.02041,24.3877551,2.06812074
1551.02041,24.6938776,2.06812024
1551.02041,25,2.06811975
1573.46939,10,2.06794422
1573.46939,10.3061224,2.06794373
1573.46939,10.6122449,2.06794324
1573.46939,10.9183673,2.06794275
1573.46939,11.2244898,2.06794226
1573.46939,11.5306122,2.06794177
1573.46939,11.8367347,2.06794129
1573.46939,12.1428571,2.0679408
1573.46939,12.4489796,2.06794031
1573.46939,12.755102,2.06793982
1573.46939,13.0612245,2.06793934
1573.46939,13.3673469,2.06793885
1573.46939,13.6734694,2.06793836
1573.46939,13.9795918,2.06793788
1573.46939,14.2857143,2.06793739
1573.46939,14.5918367,2.0679369
1573.46939,14.8979592,2.06793642
1573.46939,15.2040816,2.06793593
1573.46939,15.5102041,2.06793544
1573.46939,15.8163265,2.06793496
1573.46939,16.122449,2.06793447
1573.46939,16.4285714,2.06793398
1573.46939,16.7346939,2.0679335
1573.46939,17.0408163,2.06793301
1573.46939,17.3469388,2.06793252
1573.46939,17.6530612,2.06793204
1573.46939,17.9591837,2.06793155
1573.46939,18.2653061,2.06793107
1573.46939,18.5714286,2.06793058
1573.46939,18.877551,2.06793009
1573.46939,19.1836735,2.06792961
1573.46939,19.4897959,2.06792912
1573.46939,19.7959184,2.06792864
1573.46939,20.1020408,2.06792815
1573.46939,20.4081633,2.06792767
1573.46939,20.7142857,2.06792718
1573.46939,21.0204082,2.0679267
1573.46939,21.3265306,2.06792621
1573.46939,21.6326531,2.06792573
1573.46939,21.9387755,2.06792524
1573.46939,22.244898,2.06792476
1573.46939,22.5510204,2.06792427
1573.46939,22.8571429,2.06792379
1573.46939,23.1632653,2.0679233
1573.46939,23.4693878,2.06792282
1573.46939,23.7755102,2.06792233
1573.46939,24.0816327,2.06792185
1573.46939,24.3877551,2.06792137
1573.46939,24.6938776,2.06792088
1573.46939,25,2.0679204
1595.91837,10,2.06775173
1595.91837,10.3061224,2.06775125
1595.91837,10.6122449,2.06775077
1595.91837,10.9183673,2.0677503
1595.91837,11.2244898,2.06774982
1595.91837,11.5306122,2.06774934
1595.91837,11.8367347,2.06774887
1595.91837,12.1428571,2.06774839
1595.91837,12.4489796,2.06774792
1595.91837,12.755102,2.06774744
1595.91837,13.0612245,2.06774697
1595.91837,13.3673469,2.06774649
1595.91837,13.6734694,2.06774601
1595.91837,13.9795918,2.06774554
1595.91837,14.2857143,2.06774506
1595.91837,14.5918367,2.06774459
1595.91837,14.8979592,2.06774411
1595.91837,15.2040816,2.06774364
1595.91837,15.5102041,2.06774316
1595.91837,15.8163265,2.06774269
1595.91837,16.122449,2.06774221
1595.91837,16.4285714,2.06774174
1595.91837,16.7346939,2.06774127
1595.91837,17.0408163,2.06774079
1595.91837,17.3469388,2.06774032
1595.91837,17.6530612,2.06773984
1595.91837,17.9591837,2.06773937
1595.91837,18.2653061,2.06773889
1595.91837,18.5714286,2.06773842
1595.91837,18.877551,2.06773795
1595.91837,19.1836735,2.06773747
1595.91837,19.4897959,2.067737
1595.91837,19.7959184,2.06773652
1595.91837,20.1020408,2.06773605
1595.91837,20.4081633,2.06773558
1595.91837,20.7142857,2.0677351
1595.91837,21.0204082,2.06773463
1595.91837,21.3265306,2.06773416
1595.91837,21.6326531,2.06773368
1595.91837,21.9387755,2.06773321
1595.91837,22.244898,2.06773274
1595.91837,22.5510204,2.06773226
1595.91837,22.8571429,2.06773179
1595.91837,23.1632653,2.06773132
1595.91837,23.4693878,2.06773085
1595.91837,23.7755102,2.06773037
1595.91837,24.0816327,2.0677299
1595.91837,24.3877551,2.06772943
1595.91837,24.6938776,2.06772895
1595.91837,25,2.06772848
1618.36735,10,2.06756635
1618.36735,10.3061224,2.06756588
1618.36735,10.6122449,2.06756542
1618.36735,10.9183673,2.06756495
1618.36735,11.2244898,2.06756449
1618.36735,11.5306122,2.06756402
1618.36735,11.8367347,2.06756356
1618.36735,12.1428571,2.06756309
1618.36735,12.4489796,2.06756263
1618.36735,12.755102,2.06756216
1618.36735,13.0612245,2.0675617
1618.36735,13.3673469,2.06756123
1618.36735,13.6734694,2.06756077
1618.36735,13.9795918,2.06756031
1618.36735,14.2857143,2.06755984
1618.36735,14.5918367,2.06755938
1618.36735,14.8979592,2.06755891
1618.36735,15.2040816,2.06755845
1618.36735,15.5102041,2.06755799
1618.36735,15.8163265,2.06755752
1618.36735,16.122449,2.06755706
1618.36735,16.4285714,2.06755659
1618.36735,16.7346939,2.06755613
1618.36735,17.0408163,2.06755567
1618.36735,17.3469388,2.0675552
1618.36735,17.6530612,2.06755474
1618.36735,17.9591837,2.06755428
1618.36735,18.2653061,2.06755382
1618.36735,18.5714286,2.06755335
1618.36735,18.877551,2.06755289
1618.36735,19.1836735,2.06755243
1618.36735,19.4897959,2.06755196
1618.36735,19.7959184,2.0675515
1618.36735,20.1020408,2.06755104
1618.36735,20.4081633,2.06755058
1618.36735,20.7142857,2.06755011
1618.36735,21.0204082,2.06754965
1618.36735,21.3265306,2.06754919
1618.36735,21.6326531,2.06754873
1618.36735,21.9387755,2.06754826
1618.36735,22.244898,2.0675478
1618.36735,22.5510204,2.06754734
1618.36735,22.8571429,2.06754688
1618.36735,23.1632653,2.06754642
1618.36735,23.4693878,2.06754596
1618.36735,23.7755102,2.06754549
1618.36735,24.0816327,2.06754503
1618.36735,24.3877551,2.06754457
1618.36735,24.6938776,2.06754411
1618.36735,25,2.06754365
1640.81633,10,2.06738774
1640.81633,10.3061224,2.06738729
1640.81633,10.6122449,2.06738683
1640.81633,10.9183673,2.06738638
1640.81633,11.2244898,2.06738592
1640.81633,11.5306122,2.06738547
1640.81633,11.8367347,2.06738502
1640.81633,12.1428571,2.06738456
1640.81633,12.4489796,2.06738411
1640.81633,12.755102,2.06738365
1640.81633,13.0612245,2.0673832
1640.81633,13.3673469,2.06738275
1640.81633,13.6734694,2.06738229
1640.81633,13.9795918,2.06738184
1640.81633,14.2857143,2.06738138
1640.81633,14.5918367,2.06738093
1640.81633,14.8979592,2.06738048
1640.81633,15.2040816,2.06738002
1640.81633,15.5102041,2.06737957
1640.81633,15.8163265,2.06737912
1640.81633,16.122449,2.06737866
1640.81633,16.4285714,2.06737821
1640.81633,16.7346939,2.06737776
1640.81633,17.0408163,2.06737731
1640.81633,17.3469388,2.06737685
1640.81633,17.6530612,2.0673764
1640.81633,17.9591837,2.06737595
1640.81633,18.2653061,2.0673755
1640.81633,18.5714286,2.06737504
1640.81633,18.877551,2.06737459
1640.81633,19.1836735,2.06737414
1640.81633,19.4897959,2.06737369
1640.81633,19.7959184,2.06737323
1640.81633,20.1020408,2.06737278
1640.81633,20.4081633,2.06737233
1640.81633,20.7142857,2.06737188
1640.81633,21.0204082,2.06737143
1640.81633,21.3265306,2.06737097
1640.81633,21.6326531,2.06737052
1640.81633,21.9387755,2.06737007
1640.81633,22.244898,2.06736962
1640.81633,22.5510204,2.06736917
1640.81633,22.8571429,2.06736872
1640.81633,23.1632653,2.06736827
1640.81633,23.4693878,2.06736781
1640.81633,23.7755102,2.06736736
1640.81633,24.0816327,2.06736691
1640.81633,24.3877551,2.06736646
1640.81633,24.6938776,2.06736601
1640.81633,25,2.06736556
1663.26531,10,2.0672156
1663.26531,10.3061224,2.06721515
1663.26531,10.6122449,2.06721471
1663.26531,10.9183673,2.06721426
1663.26531,11.2244898,2.06721382
1663.26531,11.5306122,2.06721337
1663.26531,11.8367347,2.06721293
1663.26531,12.1428571,2.06721248
1663.26531,12.4489796,2.06721204
1663.26531,12.755102,2.0672116
1663.26531,13.0612245,2.06721115
1663.26531,13.3673469,2.06721071
1663.26531,13.6734694,2.06721026
1663.26531,13.9795918,2.06720982
1663.26531,14.2857143,2.06720938
1663.26531,14.5918367,2.06720893
1663.26531,14.8979592,2.06720849
1663.26531,15.2040816,2.06720805
1663.26531,15.5102041,2.0672076
1663.26531,15.8163265,2.06720716
1663.26531,16.122449,2.06720672
1663.26531,16.4285714,2.06720627
1663.26531,16.7346939,2.06720583
1663.26531,17.0408163,2.06720539
1663.26531,17.3469388,2.06720495
1663.26531,17.6530612,2.0672045
1663.26531,17.9591837,2.06720406
1663.26531,18.2653061,2.06720362
1663.26531,18.5714286,2.06720318
1663.26531,18.877551,2.06720273
1663.26531,19.1836735,2.06720229
1663.26531,19.4897959,2.06720185
1663.26531,19.7959184,2.06720141
1663.26531,20.1020408,2.06720096
1663.26531,20.4081633,2.06720052
1663.26531,20.7142857,2.06720008
1663.26531,21.0204082,2.06719964
1663.26531,21.3265306,2.0671992
1663.26531,21.6326531,2.06719876
1663.26531,21.9387755,2.06719831
1663.26531,22.244898,2.06719787
1663.26531,22.5510204,2.06719743
1663.26531,22.8571429,2.06719699
1663.26531,23.1632653,2.06719655
1663.26531,23.4693878,2.06719611
1663.26531,23.7755102,2.06719567
1663.26531,24.0816327,2.06719523
1663.26531,24.3877551,2.06719478
1663.26531,24.6938776,2.06719434
1663.26531,25,2.0671939
1685.71429,10,2.06704961
1685.71429,10.3061224,2.06704917
1685.71429,10.6122449,2.06704874
1685.71429,10.9183673,2.0670483
1685.71429,11.2244898,2.06704787
1685.71429,11.5306122,2.06704743
1685.71429,11.8367347,2.067047
1685.71429,12.1428571,2.06704656
1685.71429,12.4489796,2.06704613
1685.71429,12.755102,2.06704569
1685.71429,13.0612245,2.06704526
1685.71429,13.3673469,2.06704482
1685.71429,13.6734694,2.06704439
1685.71429,13.9795918,2.06704395
1685.71429,14.2857143,2.06704352
1685.71429,14.5918367,2.06704309
1685.71429,14.8979592,2.06704265
1685.71429,15.2040816,2.06704222
1685.71429,15.5102041,2.06704178
1685.71429,15.8163265,2.06704135
1685.71429,16.122449,2.06704092
1685.71429,16.4285714,2.06704048
1685.71429,16.7346939,2.06704005
1685.71429,17.0408163,2.06703962
1685.71429,17.3469388,2.06703918
1685.71429,17.6530612,2.06703875
1685.71429,17.9591837,2.06703832
1685.71429,18.2653061,2.06703788
1685.71429,18.5714286,2.06703745
1685.71429,18.877551,2.06703702
1685.71429,19.1836735,2.06703659
1685.71429,19.4897959,2.06703615
1685.71429,19.7959184,2.06703572
1685.71429,20.1020408,2.06703529
1685.71429,20.4081633,2.06703486
1685.71429,20.7142857,2.06703442
1685.71429,21.0204082,2.06703399
1685.71429,21.3265306,2.06703356
1685.71429,21.6326531,2.06703313
1685.71429,21.9387755,2.0670327
1685.71429,22.244898,2.06703226
1685.71429,22.5510204,2.06703183
1685.71429,22.8571429,2.0670314
1685.71429,23.1632653,2.06703097
1685.71429,23.4693878,2.06703054
1685.71429,23.7755102,2.0670301
1685.71429,24.0816327,2.06702967
1685.71429,24.3877551,2.06702924
1685.71429,24.6938776,2.06702881
1685.71429,25,2.06702838
1708.16327,10,2.0668895
1708.16327,10.3061224,2.06688907
1708.16327,10.6122449,2.06688865
1708.16327,10.9183673,2.06688822
1708.16327,11.2244898,2.06688779
1708.16327,11.5306122,2.06688737
1708.16327,11.8367347,2.06688694
1708.16327,12.1428571,2.06688651
1708.16327,12.4489796,2.06688609
1708.16327,12.755102,2.06688566
1708.16327,13.0612245,2.06688524
1708.16327,13.3673469,2.06688481
1708.16327,13.6734694,2.06688438
1708.16327,13.9795918,2.06688396
1708.16327,14.2857143,2.06688353
1708.16327,14.5918367,2.06688311
1708.16327,14.8979592,2.06688268
1708.16327,15.2040816,2.06688226
1708.16327,15.5102041,2.06688183
1708.16327,15.8163265,2.06688141
1708.16327,16.122449,2.06688098
1708.16327,16.4285714,2.06688056
1708.16327,16.7346939,2.06688013
1708.16327,17.0408163,2.06687971
1708.16327,17.3469388,2.06687929
1708.16327,17.6530612,2.06687886
1708.16327,17.9591837,2.06687844
1708.16327,18.2653061,2.06687801
1708.16327,18.5714286,2.06687759
1708.16327,18.877551,2.06687717
1708.16327,19.1836735,2.06687674
1708.16327,19.4897959,2.06687632
1708.16327,19.7959184,2.0668759
1708.16327,20.1020408,2.06687547
1708.16327,20.4081633,2.06687505
1708.16327,20.7142857,2.06687463
1708.16327,21.0204082,2.0668742
1708.16327,21.3265306,2.06687378
1708.16327,21.6326531,2.06687336
1708.16327,21.9387755,2.06687293
1708.16327,22.244898,2.06687251
1708.16327,22.5510204,2.06687209
1708.16327,22.8571429,2.06687166
1708.16327,23.1632653,2.06687124
1708.16327,23.4693878,2.06687082
1708.16327,23.7755102,2.0668704
1708.16327,24.0816327,2.06686997
1708.16327,24.3877551,2.06686955
1708.16327,24.6938776,2.06686913
1708.16327,25,2.06686871
1730.61224,10,2.06673501
1730.61224,10.3061224,2.06673459
1730.61224,10.6122449,2.06673417
1730.61224,10.9183673,2.06673375
1730.61224,11.2244898,2.06673333
1730.61224,11.5306122,2.06673291
1730.61224,11.8367347,2.06673249
1730.61224,12.1428571,2.06673207
1730.61224,12.4489796,2.06673166
1730.61224,12.755102,2.06673124
1730.61224,13.0612245,2.06673082
1730.61224,13.3673469,2.0667304
1730.61224,13.6734694,2.06672998
1730.61224,13.9795918,2.06672957
1730.61224,14.2857143,2.06672915
1730.61224,14.5918367,2.06672873
1730.61224,14.8979592,2.06672832
1730.61224,15.2040816,2.0667279
1730.61224,15.5102041,2.06672748
1730.61224,15.8163265,2.06672707
1730.61224,16.122449,2.06672665
1730.61224,16.4285714,2.06672623
1730.61224,16.7346939,2.06672582
1730.61224,17.0408163,2.0667254
1730.61224,17.3469388,2.06672499
1730.61224,17.6530612,2.06672457
1730.61224,17.9591837,2.06672416
1730.61224,18.2653061,2.06672374
1730.61224,18.5714286,2.06672332
1730.61224,18.877551,2.06672291
1730.61224,19.1836735,2.06672249
1730.61224,19.4897959,2.06672208
1730.61224,19.7959184,2.06672166
1730.61224,20.1020408,2.06672125
1730.61224,20.4081633,2.06672083
1730.61224,20.7142857,2.06672042
1730.61224,21.0204082,2.06672001
1730.61224,21.3265306,2.06671959
1730.61224,21.6326531,2.06671918
1730.61224,21.9387755,2.06671876
1730.61224,22.244898,2.06671835
1730.61224,22.5510204,2.06671793
1730.61224,22.8571429,2.06671752
1730.61224,23.1632653,2.0667171
1730.61224,23.4693878,2.06671669
1730.61224,23.7755102,2.06671628
1730.61224,24.0816327,2.06671586
1730.61224,24.3877551,2.06671545
1730.61224,24.6938776,2.06671504
1730.61224,25,2.06671462
1753.06122,10,2.06658587
1753.06122,10.3061224,2.06658546
1753.06122,10.6122449,2.06658505
1753.06122,10.9183673,2.06658464
1753.06122,11.2244898,2.06658422
1753.06122,11.5306122,2.06658381
1753.06122,11.8367347,2.0665834
1753.06122,12.1428571,2.06658299
1753.06122,12.4489796,2.06658258
1753.06122,12.755102,2.06658217
1753.06122,13.0612245,2.06658176
1753.06122,13.3673469,2.06658135
1753.06122,13.6734694,2.06658094
1753.06122,13.9795918,2.06658053
1753.06122,14.2857143,2.06658012
1753.06122,14.5918367,2.06657971
1753.06122,14.8979592,2.0665793
1753.06122,15.2040816,2.06657889
1753.06122,15.5102041,2.06657849
1753.06122,15.8163265,2.06657808
1753.06122,16.122449,2.06657767
1753.06122,16.4285714,2.06657726
1753.06122,16.7346939,2.06657685
1753.06122,17.0408163,2.06657644
1753.06122,17.3469388,2.06657604
1753.06122,17.6530612,2.06657563
1753.06122,17.9591837,2.06657522
1753.06122,18.2653061,2.06657481
1753.06122,18.5714286,2.06657441
1753.06122,18.877551,2.066574
1753.06122,19.1836735,2.06657359
1753.06122,19.4897959,2.06657318
1753.06122,19.7959184,2.06657278
1753.06122,20.1020408,2.06657237
1753.06122,20.4081633,2.06657196
1753.06122,20.7142857,2.06657156
1753.06122,21.0204082,2.06657115
1753.06122,21.3265306,2.06657074
1753.06122,21.6326531,2.06657034
1753.06122,21.9387755,2.06656993
1753.06122,22.244898,2.06656953
1753.06122,22.5510204,2.06656912
1753.06122,22.8571429,2.06656871
1753.06122,23.1632653,2.06656831
1753.06122,23.4693878,2.0665679
1753.06122,23.7755102,2.0665675
1753.06122,24.0816327,2.06656709
1753.06122,24.3877551,2.06656668
1753.06122,24.6938776,2.06656628
1753.06122,25,2.06656587
1775.5102,10,2.06644187
1775.5102,10.3061224,2.06644146
1775.5102,10.6122449,2.06644105
1775.5102,10.9183673,2.06644065
1775.5102,11.2244898,2.06644024
1775.5102,11.5306122,2.06643984
1775.5102,11.8367347,2.06643944
1775.5102,12.1428571,2.06643903
1775.5102,12.4489796,2.06643863
1775.5102,12.755102,2.06643822
1775.5102,13.0612245,2.06643782
1775.5102,13.3673469,2.06643742
1775.5102,13.6734694,2.06643702
1775.5102,13.9795918,2.06643661
1775.5102,14.2857143,2.06643621
1775.5102,14.5918367,2.06643581
1775.5102,14.8979592,2.06643541
1775.5102,15.2040816,2.066435
1775.5102,15.5102041,2.0664346
1775.5102,15.8163265,2.0664342
1775.5102,16.122449,2.0664338
1775.5102,16.4285714,2.0664334
1775.5102,16.7346939,2.066433
1775.5102,17.0408163,2.0664326
1775.5102,17.3469388,2.0664322
1775.5102,17.6530612,2.0664318
1775.5102,17.9591837,2.0664314
1775.5102,18.2653061,2.066431
1775.5102,18.5714286,2.0664306
1775.5102,18.877551,2.0664302
1775.5102,19.1836735,2.0664298
1775.5102,19.4897959,2.0664294
1775.5102,19.7959184,2.066429
1775.5102,20.1020408,2.0664286
1775.5102,20.4081633,2.0664282
1775.5102,20.7142857,2.0664278
1775.5102,21.0204082,2.0664274
1775.5102,21.3265306,2.066427
1775.5102,21.6326531,2.0664266
1775.5102,21.9387755,2.06642621
1775.5102,22.244898,2.06642581
1775.5102,22.5510204,2.06642541
1775.5102,22.8571429,2.06642501
1775.5102,23.1632653,2.06642461
1775.5102,23.4693878,2.06642421
1775.5102,23.7755102,2.06642382
1775.5102,24.0816327,2.06642342
1775.5102,24.3877551,2.06642302
1775.5102,24.6938776,2.06642262
1775.5102,25,2.06642222
1797.95918,10,2.06630277
1797.95918,10.3061224,2.06630237
1797.95918,10.6122449,2.06630197
1797.95918,10.9183673,2.06630157
1797.95918,11.2244898,2.06630117
1797.95918,11.5306122,2.06630077
1797.95918,11.8367347,2.06630037
1797.95918,12.1428571,2.06629997
1797.95918,12.4489796,2.06629958
1797.95918,12.755102,2.06629918
1797.95918,13.0612245,2.06629878
1797.95918,13.3673469,2.06629838
1797.95918,13.6734694,2.06629799
1797.95918,13.9795918,2.06629759
1797.95918,14.2857143,2.0662972
1797.95918,14.5918367,2.0662968
1797.95918,14.8979592,2.0662964
1797.95918,15.2040816,2.06629601
1797.95918,15.5102041,2.06629561
1797.95918,15.8163265,2.06629522
1797.95918,16.122449,2.06629483
1797.95918,16.4285714,2.06629443
1797.95918,16.7346939,2.06629404
1797.95918,17.0408163,2.06629364
1797.95918,17.3469388,2.06629325
1797.95918,17.6530612,2.06629286
1797.95918,17.9591837,2.06629246
1797.95918,18.2653061,2.06629207
1797.95918,18.5714286,2.06629168
1797.95918,18.877551,2.06629128
1797.95918,19.1836735,2.06629089
1797.95918,19.4897959,2.0662905
1797.95918,19.7959184,2.06629011
1797.95918,20.1020408,2.06628971
1797.95918,20.4081633,2.06628932
1797.95918,20.7142857,2.06628893
1797.95918,21.0204082,2.06628854
1797.95918,21.3265306,2.06628814
1797.95918,21.6326531,2.06628775
1797.95918,21.9387755,2.06628736
1797.95918,22.244898,2.06628697
1797.95918,22.5510204,2.06628658
1797.95918,22.8571429,2.06628619
1797.95918,23.1632653,2.0662858
1797.95918,23.4693878,2.06628541
1797.95918,23.7755102,2.06628501
1797.95918,24.0816327,2.06628462
1797.95918,24.3877551,2.06628423
1797.95918,24.6938776,2.06628384
1797.95918,25,2.06628345
1820.40816,10,2.06616838
1820.40816,10.3061224,2.06616798
1820.40816,10.6122449,2.06616758
1820.40816,10.9183673,2.06616718
1820.40816,11.2244898,2.06616679
1820.40816,11.5306122,2.0661664
1820.40816,11.8367347,2.066166
1820.40816,12.1428571,2.06616561
1820.40816,12.4489796,2.06616522
1820.40816,12.755102,2.06616482
1820.40816,13.0612245,2.06616443
1820.40816,13.3673469,2.06616404
1820.40816,13.6734694,2.06616365
1820.40816,13.9795918,2.06616326
1820.40816,14.2857143,2.06616287
1820.40816,14.5918367,2.06616248
1820.40816,14.8979592,2.06616209
1820.40816,15.2040816,2.0661617
1820.40816,15.5102041,2.06616131
1820.40816,15.8163265,2.06616092
1820.40816,16.122449,2.06616053
1820.40816,16.4285714,2.06616014
1820.40816,16.7346939,2.06615976
1820.40816,17.0408163,2.06615937
1820.40816,17.3469388,2.06615898
1820.40816,17.6530612,2.06615859
1820.40816,17.9591837,2.06615821
1820.40816,18.2653061,2.06615782
1820.40816,18.5714286,2.06615743
1820.40816,18.877551,2.06615705
1820.40816,19.1836735,2.06615666
1820.40816,19.4897959,2.06615627
1820.40816,19.7959184,2.06615589
1820.40816,20.1020408,2.0661555
1820.40816,20.4081633,2.06615512
1820.40816,20.7142857,2.06615473
1820.40816,21.0204082,2.06615434
1820.40816,21.3265306,2.06615396
1820.40816,21.6326531,2.06615357
1820.40816,21.9387755,2.06615319
1820.40816,22.244898,2.0661528
1820.40816,22.5510204,2.06615242
1820.40816,22.8571429,2.06615203
1820.40816,23.1632653,2.06615165
1820.40816,23.4693878,2.06615127
1820.40816,23.7755102,2.06615088
1820.40816,24.0816327,2.0661505
1820.40816,24.3877551,2.06615011
1820.40816,24.6938776,2.06614973
1820.40816,25,2.06614935
1842.85714,10,2.06603849
1842.85714,10.3061224,2.06603809
1842.85714,10.6122449,2.0660377
1842.85714,10.9183673,2.0660373
1842.85714,11.2244898,2.06603691
1842.85714,11.5306122,2.06603652
1842.85714,11.8367347,2.06603613
1842.85714,12.1428571,2.06603574
1842.85714,12.4489796,2.06603535
1842.85714,12.755102,2.06603496
1842.85714,13.0612245,2.06603458
1842.85714,13.3673469,2.06603419
1842.85714,13.6734694,2.0660338
1842.85714,13.9795918,2.06603342
1842.85714,14.2857143,2.06603303
1842.85714,14.5918367,2.06603265
1842.85714,14.8979592,2.06603226
1842.85714,15.2040816,2.06603188
1842.85714,15.5102041,2.06603149
1842.85714,15.8163265,2.06603111
1842.85714,16.122449,2.06603073
1842.85714,16.4285714,2.06603034
1842.85714,16.7346939,2.06602996
1842.85714,17.0408163,2.06602958
1842.85714,17.3469388,2.0660292
1842.85714,17.6530612,2.06602881
1842.85714,17.9591837,2.06602843
1842.85714,18.2653061,2.06602805
1842.85714,18.5714286,2.06602767
1842.85714,18.877551,2.06602729
1842.85714,19.1836735,2.06602691
1842.85714,19.4897959,2.06602653
1842.85714,19.7959184,2.06602615
1842.85714,20.1020408,2.06602577
1842.85714,20.4081633,2.06602539
1842.85714,20.7142857,2.06602501
1842.85714,21.0204082,2.06602463
1842.85714,21.3265306,2.06602425
1842.85714,21.6326531,2.06602387
1842.85714,21.9387755,2.06602349
1842.85714,22.244898,2.06602311
1842.85714,22.5510204,2.06602273
1842.85714,22.8571429,2.06602235
1842.85714,23.1632653,2.06602198
1842.85714,23.4693878,2.0660216
1842.85714,23.7755102,2.06602122
1842.85714,24.0816327,2.06602084
1842.85714,24.3877551,2.06602046
1842.85714,24.6938776,2.06602009
1842.85714,25,2.06601971
1865.30612,10,2.06591293
1865.30612,10.3061224,2.06591253
1865.30612,10.6122449,2.06591214
1865.30612,10.9183673,2.06591175
1865.30612,11.2244898,2.06591136
1865.30612,11.5306122,2.06591097
1865.30612,11.8367347,2.06591058
1865.30612,12.1428571,2.06591019
1865.30612,12.4489796,2.06590981
1865.30612,12.755102,2.06590942
1865.30612,13.0612245,2.06590903
1865.30612,13.3673469,2.06590865
1865.30612,13.6734694,2.06590827
1865.30612,13.9795918,2.06590788
1865.30612,14.2857143,2.0659075
1865.30612,14.5918367,2.06590712
1865.30612,14.8979592,2.06590674
1865.30612,15.2040816,2.06590636
1865.30612,15.5102041,2.06590598
1865.30612,15.8163265,2.0659056
1865.30612,16.122449,2.06590522
1865.30612,16.4285714,2.06590484
1865.30612,16.7346939,2.06590446
1865.30612,17.0408163,2.06590409
1865.30612,17.3469388,2.06590371
1865.30612,17.6530612,2.06590333
1865.30612,17.9591837,2.06590295
1865.30612,18.2653061,2.06590258
1865.30612,18.5714286,2.0659022
1865.30612,18.877551,2.06590183
1865.30612,19.1836735,2.06590145
1865.30612,19.4897959,2.06590107
1865.30612,19.7959184,2.0659007
1865.30612,20.1020408,2.06590032
1865.30612,20.4081633,2.06589995
1865.30612,20.7142857,2.06589958
1865.30612,21.0204082,2.0658992
1865.30612,21.3265306,2.06589883
1865.30612,21.6326531,2.06589845
1865.30612,21.9387755,2.06589808
1865.30612,22.244898,2.06589771
1865.30612,22.5510204,2.06589733
1865.30612,22.8571429,2.06589696
1865.30612,23.1632653,2.06589659
1865.30612,23.4693878,2.06589621
1865.30612,23.7755102,2.06589584
1865.30612,24.0816327,2.06589547
1865.30612,24.3877551,2.0658951
1865.30612,24.6938776,2.06589473
1865.30612,25,2.06589435
1887.7551,10,2.06579153
1887.7551,10.3061224,2.06579113
1887.7551,10.6122449,2.06579074
1887.7551,10.9183673,2.06579035
1887.7551,11.2244898,2.06578995
1887.7551,11.5306122,2.06578956
1887.7551,11.8367347,2.06578918
1887.7551,12.1428571,2.06578879
1887.7551,12.4489796,2.0657884
1887.7551,12.755102,2.06578802
1887.7551,13.0612245,2.06578764
1887.7551,13.3673469,2.06578725
1887.7551,13.6734694,2.06578687
1887.7551,13.9795918,2.06578649
1887.7551,14.2857143,2.06578611
1887.7551,14.5918367,2.06578573
1887.7551,14.8979592,2.06578535
1887.7551,15.2040816,2.06578498
1887.7551,15.5102041,2.0657846
1887.7551,15.8163265,2.06578422
1887.7551,16.122449,2.06578385
1887.7551,16.4285714,2.06578347
1887.7551,16.7346939,2.0657831
1887.7551,17.0408163,2.06578272
1887.7551,17.3469388,2.06578235
1887.7551,17.6530612,2.06578197
1887.7551,17.9591837,2.0657816
1887.7551,18.2653061,2.06578123
1887.7551,18.5714286,2.06578086
1887.7551,18.877551,2.06578048
1887.7551,19.1836735,2.06578011
1887.7551,19.4897959,2.06577974
1887.7551,19.7959184,2.06577937
1887.7551,20.1020408,2.065779
1887.7551,20.4081633,2.06577863
1887.7551,20.7142857,2.06577826
1887.7551,21.0204082,2.06577789
1887.7551,21.3265306,2.06577752
1887.7551,21.6326531,2.06577715
1887.7551,21.9387755,2.06577678
1887.7551,22.244898,2.06577641
1887.7551,22.5510204,2.06577605
1887.7551,22.8571429,2.06577568
1887.7551,23.1632653,2.06577531
1887.7551,23.4693878,2.06577494
1887.7551,23.7755102,2.06577457
1887.7551,24.0816327,2.06577421
1887.7551,24.3877551,2.06577384
1887.7551,24.6938776,2.06577347
1887.7551,25,2.06577311
1910.20408,10,2.06567414
1910.20408,10.3061224,2.06567374
1910.20408,10.6122449,2.06567334
1910.20408,10.9183673,2.06567294
1910.20408,11.2244898,2.06567255
1910.20408,11.5306122,2.06567216
1910.20408,11.8367347,2.06567177
1910.20408,12.1428571,2.06567138
1910.20408,12.4489796,2.06567099
1910.20408,12.755102,2.06567061
1910.20408,13.0612245,2.06567022
1910.20408,13.3673469,2.06566984
1910.20408,13.6734694,2.06566946
1910.20408,13.9795918,2.06566908
1910.20408,14.2857143,2.0656687
1910.20408,14.5918367,2.06566832
1910.20408,14.8979592,2.06566794
1910.20408,15.2040816,2.06566757
1910.20408,15.5102041,2.06566719
1910.20408,15.8163265,2.06566682
1910.20408,16.122449,2.06566644
1910.20408,16.4285714,2.06566607
1910.20408,16.7346939,2.0656657
1910.20408,17.0408163,2.06566532
1910.20408,17.3469388,2.06566495
1910.20408,17.6530612,2.06566458
1910.20408,17.9591837,2.06566421
1910.20408,18.2653061,2.06566384
1910.20408,18.5714286,2.06566347
1910.20408,18.877551,2.0656631
1910.20408,19.1836735,2.06566273
1910.20408,19.4897959,2.06566237
1910.20408,19.7959184,2.065662
1910.20408,20.1020408,2.06566163
1910.20408,20.4081633,2.06566127
1910.20408,20.7142857,2.0656609
1910.20408,21.0204082,2.06566053
1910.20408,21.3265306,2.06566017
1910.20408,21.6326531,2.0656598
1910.20408,21.9387755,2.06565944
1910.20408,22.244898,2.06565907
1910.20408,22.5510204,2.06565871
1910.20408,22.8571429,2.06565834
1910.20408,23.1632653,2.06565798
1910.20408,23.4693878,2.06565762
1910.20408,23.7755102,2.06565725
1910.20408,24.0816327,2.06565689
1910.20408,24.3877551,2.06565653
1910.20408,24.6938776,2.06565616
1910.20408,25,2.0656558
1932.65306,10,2.06556062
1932.65306,10.3061224,2.06556021
1932.65306,10.6122449,2.06555981
1932.65306,10.9183673,2.0655594
1932.65306,11.2244898,2.065559
1932.65306,11.5306122,2.06555861
1932.65306,11.8367347,2.06555821
1932.65306,12.1428571,2.06555782
1932.65306,12.4489796,2.06555743
1932.65306,12.755102,2.06555704
1932.65306,13.0612245,2.06555665
1932.65306,13.3673469,2.06555627
1932.65306,13.6734694,2.06555588
1932.65306,13.9795918,2.0655555
1932.65306,14.2857143,2.06555512
1932.65306,14.5918367,2.06555474
1932.65306,14.8979592,2.06555436
1932.65306,15.2040816,2.06555399
1932.65306,15.5102041,2.06555361
1932.65306,15.8163265,2.06555323
1932.65306,16.122449,2.06555286
1932.65306,16.4285714,2.06555249
1932.65306,16.7346939,2.06555212
1932.65306,17.0408163,2.06555174
1932.65306,17.3469388,2.06555137
1932.65306,17.6530612,2.065551
1932.65306,17.9591837,2.06555063
1932.65306,18.2653061,2.06555027
1932.65306,18.5714286,2.0655499
1932.65306,18.877551,2.06554953
1932.65306,19.1836735,2.06554916
1932.65306,19.4897959,2.0655488
1932.65306,19.7959184,2.06554843
1932.65306,20.1020408,2.06554807
1932.65306,20.4081633,2.0655477
1932.65306,20.7142857,2.06554734
1932.65306,21.0204082,2.06554698
1932.65306,21.3265306,2.06554661
1932.65306,21.6326531,2.06554625
1932.65306,21.9387755,2.06554589
1932.65306,22.244898,2.06554553
1932.65306,22.5510204,2.06554517
1932.65306,22.8571429,2.06554481
1932.65306,23.1632653,2.06554444
1932.65306,23.4693878,2.06554408
1932.65306,23.7755102,2.06554372
1932.65306,24.0816327,2.06554336
1932.65306,24.3877551,2.06554301
1932.65306,24.6938776,2.06554265
1932.65306,25,2.06554229
1955.10204,10,2.06545085
1955.10204,10.3061224,2.06545043
1955.10204,10.6122449,2.06545001
1955.10204,10.9183673,2.0654496
1955.10204,11.2244898,2.06544919
1955.10204,11.5306122,2.06544878
1955.10204,11.8367347,2.06544838
1955.10204,12.1428571,2.06544798
1955.10204,12.4489796,2.06544758
1955.10204,12.755102,2.06544718
1955.10204,13.0612245,2.06544679
1955.10204,13.3673469,2.0654464
1955.10204,13.6734694,2.06544601
1955.10204,13.9795918,2.06544563
1955.10204,14.2857143,2.06544524
1955.10204,14.5918367,2.06544486
1955.10204,14.8979592,2.06544448
1955.10204,15.2040816,2.0654441
1955.10204,15.5102041,2.06544372
1955.10204,15.8163265,2.06544334
1955.10204,16.122449,2.06544297
1955.10204,16.4285714,2.06544259
1955.10204,16.7346939,2.06544222
1955.10204,17.0408163,2.06544185
1955.10204,17.3469388,2.06544147
1955.10204,17.6530612,2.0654411
1955.10204,17.9591837,2.06544073
1955.10204,18.2653061,2.06544037
1955.10204,18.5714286,2.06544
1955.10204,18.877551,2.06543963
1955.10204,19.1836735,2.06543927
1955.10204,19.4897959,2.0654389
1955.10204,19.7959184,2.06543854
1955.10204,20.1020408,2.06543817
1955.10204,20.4081633,2.06543781
1955.10204,20.7142857,2.06543745
1955.10204,21.0204082,2.06543708
1955.10204,21.3265306,2.06543672
1955.10204,21.6326531,2.06543636
1955.10204,21.9387755,2.065436
1955.10204,22.244898,2.06543564
1955.10204,22.5510204,2.06543528
1955.10204,22.8571429,2.06543492
1955.10204,23.1632653,2.06543456
1955.10204,23.4693878,2.06543421
1955.10204,23.7755102,2.06543385
1955.10204,24.0816327,2.06543349
1955.10204,24.3877551,2.06543313
1955.10204,24.6938776,2.06543278
1955.10204,25,2.06543242
1977.55102,10,2.06534472
1977.55102,10.3061224,2.06534428
1977.55102,10.6122449,2.06534384
1977.55102,10.9183673,2.06534341
1977.55102,11.2244898,2.06534299
1977.55102,11.5306122,2.06534257
1977.55102,11.8367347,2.06534215
1977.55102,12.1428571,2.06534174
1977.55102,12.4489796,2.06534133
1977.55102,12.755102,2.06534093
1977.55102,13.0612245,2.06534052
1977.55102,13.3673469,2.06534012
1977.55102,13.6734694,2.06533973
1977.55102,13.9795918,2.06533933
1977.55102,14.2857143,2.06533894
1977.55102,14.5918367,2.06533855
1977.55102,14.8979592,2.06533817
1977.55102,15.2040816,2.06533778
1977.55102,15.5102041,2.0653374
1977.55102,15.8163265,2.06533701
1977.55102,16.122449,2.06533663
1977.55102,16.4285714,2.06533626
1977.55102,16.7346939,2.06533588
1977.55102,17.0408163,2.0653355
1977.55102,17.3469388,2.06533513
1977.55102,17.6530612,2.06533476
1977.55102,17.9591837,2.06533438
1977.55102,18.2653061,2.06533401
1977.55102,18.5714286,2.06533364
1977.55102,18.877551,2.06533328
1977.55102,19.1836735,2.06533291
1977.55102,19.4897959,2.06533254
1977.55102,19.7959184,2.06533218
1977.55102,20.1020408,2.06533181
1977.55102,20.4081633,2.06533145
1977.55102,20.7142857,2.06533109
1977.55102,21.0204082,2.06533072
1977.55102,21.3265306,2.06533036
1977.55102,21.6326531,2.06533
1977.55102,21.9387755,2.06532964
1977.55102,22.244898,2.06532928
1977.55102,22.5510204,2.06532892
1977.55102,22.8571429,2.06532856
1977.55102,23.1632653,2.06532821
1977.55102,23.4693878,2.06532785
1977.55102,23.7755102,2.06532749
1977.55102,24.0816327,2.06532714
1977.55102,24.3877551,2.06532678
1977.55102,24.6938776,2.06532643
1977.55102,25,2.06532607
2000,10,2.06524214
2000,10.3061224,2.06524167
2000,10.6122449,2.06524121
2000,10.9183673,2.06524076
2000,11.2244898,2.06524031
2000,11.5306122,2.06523987
2000,11.8367347,2.06523944
2000,12.1428571,2.06523901
2000,12.4489796,2.06523858
2000,12.755102,2.06523816
2000,13.0612245,2.06523775
2000,13.3673469,2.06523733
2000,13.6734694,2.06523692
2000,13.9795918,2.06523652
2000,14.2857143,2.06523612
2000,14.5918367,2.06523572
2000,14.8979592,2.06523532
2000,15.2040816,2.06523493
2000,15.5102041,2.06523453
2000,15.8163265,2.06523415
2000,16.122449,2.06523376
2000,16.4285714,2.06523337
2000,16.7346939,2.06523299
2000,17.0408163,2.06523261
2000,17.3469388,2.06523223
2000,17.6530612,2.06523185
2000,17.9591837,2.06523147
2000,18.2653061,2.0652311
2000,18.5714286,2.06523073
2000,18.877551,2.06523035
2000,19.1836735,2.06522998
2000,19.4897959,2.06522961
2000,19.7959184,2.06522924
2000,20.1020408,2.06522888
2000,20.4081633,2.06522851
2000,20.7142857,2.06522814
2000,21.0204082,2.06522778
2000,21.3265306,2.06522742
2000,21.6326531,2.06522705
2000,21.9387755,2.06522669
2000,22.244898,2.06522633
2000,22.5510204,2.06522597
2000,22.8571429,2.06522561
2000,23.1632653,2.06522525
2000,23.4693878,2.0652249
2000,23.7755102,2.06522454
2000,24.0816327,2.06522418
2000,24.3877551,2.06522383
2000,24.6938776,2.06522347
2000,25,2.06522312
909,16,2.0796296
